Fecha,Máximo,Mínimo,Cierre
2016-01-01,2.278,2.241,2.246
2016-01-02,2.278,2.241,2.246
2016-01-03,2.278,2.241,2.246
2016-01-04,2.287,2.156,2.206
2016-01-05,2.267,2.176,2.256
2016-01-06,2.282,2.168,2.208
2016-01-07,2.35,2.197,2.318
2016-01-08,2.42,2.304,2.402
2016-01-09,2.416,2.3365,2.406
2016-01-10,2.412,2.369,2.41
2016-01-11,2.412,2.264,2.274
2016-01-12,2.304,2.188,2.229
2016-01-13,2.27,2.205,2.222
2016-01-14,2.244,2.084,2.102
2016-01-15,2.109,2.046,2.054
2016-01-16,2.0665,2.0294999999999996,2.037
2016-01-17,2.024,2.013,2.02
2016-01-18,2.103,2.013,2.083
2016-01-19,2.14,2.048,2.056
2016-01-20,2.137,2.043,2.13
2016-01-21,2.167,2.06,2.131
2016-01-22,2.15,2.096,2.12
2016-01-23,2.149,2.1100000000000003,2.1285
2016-01-24,2.148,2.124,2.137
2016-01-25,2.15,2.064,2.122
2016-01-26,2.194,2.097,2.131
2016-01-27,2.192,2.113,2.126
2016-01-28,2.22,2.076,2.219
2016-01-29,2.296,2.212,2.29
2016-01-30,2.254,2.194,2.2439999999999998
2016-01-31,2.212,2.176,2.198
2016-02-01,2.21,2.112,2.116
2016-02-02,2.122,1.963,2.015
2016-02-03,2.051,1.98,2.02
2016-02-04,2.026,1.942,1.974
2016-02-05,2.062,1.974,2.052
2016-02-06,2.09,2.0345,2.0735
2016-02-07,2.118,2.095,2.095
2016-02-08,2.161,2.095,2.112
2016-02-09,2.123,2.056,2.078
2016-02-10,2.1,2.008,2.044
2016-02-11,2.084,1.972,1.984
2016-02-12,2.016,1.944,1.96
2016-02-13,1.9745,1.932,1.946
2016-02-14,1.933,1.92,1.932
2016-02-15,1.956,1.907,1.912
2016-02-16,1.934,1.875,1.91
2016-02-17,1.955,1.888,1.934
2016-02-18,1.948,1.853,1.866
2016-02-19,1.868,1.794,1.802
2016-02-20,1.83,1.786,1.7915
2016-02-21,1.792,1.778,1.781
2016-02-22,1.828,1.766,1.803
2016-02-23,1.823,1.761,1.768
2016-02-24,1.804,1.746,1.77
2016-02-25,1.772,1.694,1.734
2016-02-26,1.75,1.68,1.73
2016-02-27,1.7135,1.669,1.7025000000000001
2016-02-28,1.677,1.658,1.675
2016-02-29,1.689,1.644,1.656
2016-03-01,1.729,1.641,1.696
2016-03-02,1.699,1.615,1.627
2016-03-03,1.653,1.577,1.582
2016-03-04,1.635,1.574,1.632
2016-03-05,1.6135000000000002,1.577,1.6099999999999999
2016-03-06,1.592,1.58,1.588
2016-03-07,1.702,1.579,1.678
2016-03-08,1.705,1.645,1.692
2016-03-09,1.75,1.682,1.739
2016-03-10,1.779,1.702,1.77
2016-03-11,1.827,1.762,1.772
2016-03-12,1.822,1.7665,1.7734999999999999
2016-03-13,1.817,1.771,1.775
2016-03-14,1.83,1.745,1.803
2016-03-15,1.872,1.784,1.824
2016-03-16,1.854,1.798,1.852
2016-03-17,1.933,1.809,1.919
2016-03-18,1.926,1.863,1.874
2016-03-19,1.9089999999999998,1.8685,1.874
2016-03-20,1.892,1.874,1.874
2016-03-21,1.891,1.787,1.793
2016-03-22,1.858,1.792,1.852
2016-03-23,1.885,1.771,1.774
2016-03-24,1.82,1.77,1.804
2016-03-25,1.813,1.7746666666666666,1.801
2016-03-26,1.806,1.7793333333333334,1.798
2016-03-27,1.799,1.784,1.795
2016-03-28,1.868,1.768,1.864
2016-03-29,1.918,1.845,1.908
2016-03-30,1.942,1.894,1.916
2016-03-31,1.958,1.865,1.902
2016-04-01,1.925,1.862,1.888
2016-04-02,1.927,1.891,1.9075
2016-04-03,1.929,1.92,1.927
2016-04-04,2.014,1.918,1.948
2016-04-05,1.983,1.878,1.884
2016-04-06,1.888,1.846,1.85
2016-04-07,1.973,1.846,1.964
2016-04-08,1.993,1.938,1.944
2016-04-09,1.9505,1.914,1.9255
2016-04-10,1.908,1.89,1.907
2016-04-11,1.908,1.869,1.893
2016-04-12,1.991,1.885,1.972
2016-04-13,2.013,1.967,2.004
2016-04-14,2.007,1.926,1.928
2016-04-15,1.931,1.856,1.878
2016-04-16,1.896,1.8525,1.8679999999999999
2016-04-17,1.861,1.849,1.858
2016-04-18,1.927,1.856,1.912
2016-04-19,2.073,1.904,2.062
2016-04-20,2.117,2.036,2.072
2016-04-21,2.104,2.048,2.087
2016-04-22,2.16,2.064,2.14
2016-04-23,2.169,2.1109999999999998,2.156
2016-04-24,2.178,2.158,2.172
2016-04-25,2.192,2.058,2.097
2016-04-26,2.098,2.032,2.07
2016-04-27,2.098,2.014,2.056
2016-04-28,2.056,1.964,1.974
2016-04-29,2.101,1.956,2.052
2016-04-30,2.0795,1.9935,2.0545
2016-05-01,2.058,2.031,2.057
2016-05-02,2.058,1.95,1.974
2016-05-03,2.026,1.964,2.01
2016-05-04,2.082,1.988,2.068
2016-05-05,2.105,2.0,2.005
2016-05-06,2.042,1.98,2.024
2016-05-07,2.043,2.0045,2.028
2016-05-08,2.044,2.029,2.032
2016-05-09,2.066,2.021,2.04
2016-05-10,2.115,2.036,2.113
2016-05-11,2.126,2.064,2.108
2016-05-12,2.134,2.069,2.071
2016-05-13,2.116,2.032,2.051
2016-05-14,2.0785,2.026,2.0395000000000003
2016-05-15,2.041,2.02,2.028
2016-05-16,2.049,1.988,2.004
2016-05-17,2.049,1.997,2.02
2016-05-18,2.022,1.966,1.982
2016-05-19,2.025,1.932,2.003
2016-05-20,2.05,1.993,2.026
2016-05-21,2.0709999999999997,2.0355,2.058
2016-05-22,2.092,2.078,2.09
2016-05-23,2.117,2.038,2.054
2016-05-24,2.074,2.0,2.002
2016-05-25,2.046,1.993,2.024
2016-05-26,2.046,1.996,2.013
2016-05-27,2.06,1.976,2.038
2016-05-28,2.057,2.005,2.0445
2016-05-29,2.054,2.034,2.051
2016-05-30,2.05,2.033,2.049
2016-05-31,2.182,2.049,2.162
2016-06-01,2.263,2.16,2.258
2016-06-02,2.304,2.245,2.29
2016-06-03,2.338,2.276,2.284
2016-06-04,2.3545,2.306,2.319
2016-06-05,2.371,2.336,2.354
2016-06-06,2.368,2.3,2.342
2016-06-07,2.392,2.314,2.386
2016-06-08,2.405,2.361,2.374
2016-06-09,2.534,2.363,2.501
2016-06-10,2.518,2.463,2.488
2016-06-11,2.522,2.4755000000000003,2.5015
2016-06-12,2.526,2.488,2.515
2016-06-13,2.557,2.498,2.504
2016-06-14,2.549,2.467,2.534
2016-06-15,2.568,2.524,2.528
2016-06-16,2.577,2.495,2.525
2016-06-17,2.591,2.5,2.588
2016-06-18,2.613,2.544,2.6
2016-06-19,2.635,2.588,2.612
2016-06-20,2.714,2.612,2.694
2016-06-21,2.746,2.671,2.715
2016-06-22,2.741,2.626,2.645
2016-06-23,2.692,2.588,2.666
2016-06-24,2.67,2.604,2.647
2016-06-25,2.6585,2.614,2.6405
2016-06-26,2.647,2.624,2.634
2016-06-27,2.732,2.632,2.722
2016-06-28,2.864,2.714,2.839
2016-06-29,2.943,2.817,2.843
2016-06-30,2.914,2.823,2.905
2016-07-01,2.969,2.865,2.959
2016-07-02,2.964,2.8605,2.9185
2016-07-03,2.959,2.856,2.878
2016-07-04,2.919,2.861,2.892
2016-07-05,2.908,2.73,2.755
2016-07-06,2.782,2.677,2.768
2016-07-07,2.82,2.705,2.738
2016-07-08,2.804,2.728,2.796
2016-07-09,2.8095,2.7635,2.8049999999999997
2016-07-10,2.815,2.799,2.814
2016-07-11,2.852,2.681,2.694
2016-07-12,2.734,2.673,2.721
2016-07-13,2.783,2.688,2.736
2016-07-14,2.755,2.697,2.717
2016-07-15,2.766,2.657,2.741
2016-07-16,2.7755,2.7104999999999997,2.7555
2016-07-17,2.785,2.764,2.77
2016-07-18,2.788,2.701,2.73
2016-07-19,2.778,2.706,2.714
2016-07-20,2.722,2.649,2.656
2016-07-21,2.702,2.622,2.682
2016-07-22,2.79,2.656,2.779
2016-07-23,2.8015,2.715,2.7874999999999996
2016-07-24,2.813,2.774,2.796
2016-07-25,2.804,2.706,2.748
2016-07-26,2.776,2.684,2.688
2016-07-27,2.755,2.681,2.698
2016-07-28,2.929,2.685,2.888
2016-07-29,2.946,2.873,2.892
2016-07-30,2.9130000000000003,2.8680000000000003,2.883
2016-07-31,2.88,2.863,2.874
2016-08-01,2.906,2.798,2.804
2016-08-02,2.827,2.757,2.758
2016-08-03,2.895,2.75,2.863
2016-08-04,2.913,2.838,2.852
2016-08-05,2.858,2.782,2.784
2016-08-06,2.814,2.7695,2.771
2016-08-07,2.77,2.757,2.758
2016-08-08,2.783,2.729,2.758
2016-08-09,2.766,2.627,2.635
2016-08-10,2.67,2.57,2.59
2016-08-11,2.621,2.541,2.544
2016-08-12,2.642,2.543,2.616
2016-08-13,2.6189999999999998,2.5595,2.598
2016-08-14,2.596,2.576,2.58
2016-08-15,2.65,2.576,2.602
2016-08-16,2.646,2.595,2.636
2016-08-17,2.659,2.6,2.63
2016-08-18,2.708,2.616,2.678
2016-08-19,2.678,2.58,2.583
2016-08-20,2.6470000000000002,2.593,2.5995
2016-08-21,2.616,2.606,2.616
2016-08-22,2.695,2.616,2.67
2016-08-23,2.775,2.658,2.774
2016-08-24,2.832,2.757,2.808
2016-08-25,2.878,2.764,2.86
2016-08-26,2.926,2.811,2.875
2016-08-27,2.9045,2.8385,2.8775
2016-08-28,2.883,2.866,2.88
2016-08-29,2.912,2.846,2.874
2016-08-30,2.922,2.798,2.81
2016-08-31,2.881,2.79,2.853
2016-09-01,2.871,2.768,2.786
2016-09-02,2.808,2.754,2.776
2016-09-03,2.7775,2.747,2.759
2016-09-04,2.747,2.74,2.742
2016-09-05,2.755,2.717,2.738
2016-09-06,2.754,2.696,2.708
2016-09-07,2.73,2.653,2.671
2016-09-08,2.807,2.669,2.794
2016-09-09,2.831,2.773,2.782
2016-09-10,2.8335,2.7935,2.8085
2016-09-11,2.836,2.814,2.835
2016-09-12,2.913,2.825,2.884
2016-09-13,2.932,2.878,2.892
2016-09-14,2.967,2.843,2.882
2016-09-15,2.936,2.826,2.904
2016-09-16,2.952,2.858,2.945
2016-09-17,2.9495,2.8935,2.9405
2016-09-18,2.947,2.929,2.936
2016-09-19,2.951,2.884,2.931
2016-09-20,3.071,2.93,3.062
2016-09-21,3.093,3.026,3.067
2016-09-22,3.086,2.978,2.999
2016-09-23,3.016,2.923,2.957
2016-09-24,2.9930000000000003,2.9314999999999998,2.9604999999999997
2016-09-25,2.97,2.94,2.964
2016-09-26,3.009,2.954,3.003
2016-09-27,3.01,2.942,2.942
2016-09-28,2.972,2.883,2.95
2016-09-29,2.962,2.892,2.9
2016-09-30,2.918,2.837,2.847
2016-10-01,2.883,2.834,2.8395
2016-10-02,2.848,2.831,2.832
2016-10-03,2.884,2.818,2.847
2016-10-04,2.94,2.83,2.931
2016-10-05,3.009,2.876,2.98
2016-10-06,3.025,2.928,2.984
2016-10-07,3.17,2.973,3.124
2016-10-08,3.159,3.0460000000000003,3.124
2016-10-09,3.148,3.119,3.124
2016-10-10,3.246,3.115,3.226
2016-10-11,3.261,3.172,3.193
2016-10-12,3.223,3.149,3.17
2016-10-13,3.331,3.132,3.316
2016-10-14,3.328,3.233,3.258
2016-10-15,3.2794999999999996,3.2225,3.238
2016-10-16,3.231,3.212,3.218
2016-10-17,3.246,3.188,3.228
2016-10-18,3.294,3.221,3.226
2016-10-19,3.238,3.127,3.157
2016-10-20,3.182,3.065,3.088
2016-10-21,3.096,2.943,2.957
2016-10-22,3.066,2.9685,2.9865
2016-10-23,3.036,2.994,3.016
2016-10-24,3.022,2.91,2.94
2016-10-25,2.96,2.763,2.775
2016-10-26,2.784,2.646,2.723
2016-10-27,2.767,2.676,2.76
2016-10-28,2.801,2.702,2.792
2016-10-29,2.8245,2.7640000000000002,2.814
2016-10-30,2.848,2.826,2.836
2016-10-31,2.862,2.699,2.714
2016-11-01,2.748,2.592,2.594
2016-11-02,2.63,2.528,2.532
2016-11-03,2.597,2.494,2.574
2016-11-04,2.582,2.516,2.558
2016-11-05,2.614,2.5715,2.5925
2016-11-06,2.646,2.627,2.627
2016-11-07,2.667,2.582,2.626
2016-11-08,2.654,2.43,2.44
2016-11-09,2.563,2.378,2.501
2016-11-10,2.552,2.416,2.482
2016-11-11,2.528,2.405,2.48
2016-11-12,2.5365,2.4625,2.509
2016-11-13,2.545,2.52,2.538
2016-11-14,2.643,2.514,2.632
2016-11-15,2.692,2.574,2.586
2016-11-16,2.666,2.558,2.648
2016-11-17,2.684,2.578,2.598
2016-11-18,2.75,2.59,2.747
2016-11-19,2.808,2.713,2.8005
2016-11-20,2.866,2.836,2.854
2016-11-21,2.911,2.831,2.907
2016-11-22,2.949,2.85,2.892
2016-11-23,3.004,2.862,2.966
2016-11-24,3.004,2.948,2.984
2016-11-25,3.056,2.978,3.024
2016-11-26,3.083,3.0365,3.0629999999999997
2016-11-27,3.11,3.095,3.102
2016-11-28,3.205,3.097,3.202
2016-11-29,3.21,3.128,3.19
2016-11-30,3.214,3.138,3.196
2016-12-01,3.404,3.172,3.4
2016-12-02,3.417,3.24,3.314
2016-12-03,3.3884999999999996,3.281,3.334
2016-12-04,3.36,3.322,3.354
2016-12-05,3.522,3.335,3.482
2016-12-06,3.598,3.448,3.518
2016-12-07,3.622,3.439,3.476
2016-12-08,3.612,3.392,3.604
2016-12-09,3.662,3.552,3.609
2016-12-10,3.5700000000000003,3.4965,3.5324999999999998
2016-12-11,3.478,3.441,3.456
2016-12-12,3.508,3.384,3.444
2016-12-13,3.49,3.366,3.39
2016-12-14,3.508,3.365,3.504
2016-12-15,3.511,3.322,3.356
2016-12-16,3.363,3.278,3.322
2016-12-17,3.3475,3.29,3.325
2016-12-18,3.332,3.302,3.328
2016-12-19,3.396,3.282,3.346
2016-12-20,3.354,3.2,3.274
2016-12-21,3.545,3.272,3.524
2016-12-22,3.582,3.458,3.506
2016-12-23,3.662,3.501,3.626
2016-12-24,3.6803333333333335,3.5653333333333332,3.654
2016-12-25,3.6986666666666665,3.6296666666666666,3.682
2016-12-26,3.717,3.694,3.71
2016-12-27,3.726,3.64,3.682
2016-12-28,3.846,3.619,3.814
2016-12-29,3.82,3.702,3.758
2016-12-30,3.798,3.64,3.69
2016-12-31,3.7056666666666667,3.549,3.6066666666666665
2017-01-01,3.6133333333333333,3.458,3.5233333333333334
2017-01-02,3.521,3.367,3.44
2017-01-03,3.464,3.229,3.282
2017-01-04,3.32,3.202,3.22
2017-01-05,3.31,3.14,3.258
2017-01-06,3.324,3.18,3.228
2017-01-07,3.276,3.1985,3.2235
2017-01-08,3.228,3.217,3.219
2017-01-09,3.245,3.072,3.099
2017-01-10,3.298,3.1,3.236
2017-01-11,3.325,3.188,3.274
2017-01-12,3.424,3.274,3.387
2017-01-13,3.41,3.31,3.393
2017-01-14,3.435,3.3775,3.4204999999999997
2017-01-15,3.46,3.445,3.448
2017-01-16,3.476,3.382,3.464
2017-01-17,3.495,3.338,3.376
2017-01-18,3.42,3.268,3.304
2017-01-19,3.388,3.245,3.294
2017-01-20,3.335,3.179,3.192
2017-01-21,3.2555,3.1645,3.173
2017-01-22,3.176,3.15,3.154
2017-01-23,3.27,3.139,3.265
2017-01-24,3.336,3.254,3.284
2017-01-25,3.358,3.256,3.349
2017-01-26,3.476,3.333,3.346
2017-01-27,3.395,3.239,3.366
2017-01-28,3.3505000000000003,3.262,3.335
2017-01-29,3.306,3.285,3.304
2017-01-30,3.32,3.201,3.206
2017-01-31,3.206,3.095,3.112
2017-02-01,3.211,3.108,3.148
2017-02-02,3.195,3.104,3.18
2017-02-03,3.182,3.029,3.04
2017-02-04,3.0985,3.0145,3.025
2017-02-05,3.015,3.0,3.01
2017-02-06,3.074,2.995,3.042
2017-02-07,3.143,3.042,3.136
2017-02-08,3.154,3.052,3.145
2017-02-09,3.178,3.093,3.103
2017-02-10,3.102,2.997,3.03
2017-02-11,3.0404999999999998,2.9735,2.995
2017-02-12,2.979,2.95,2.96
2017-02-13,2.987,2.911,2.915
2017-02-14,2.945,2.882,2.932
2017-02-15,2.988,2.908,2.934
2017-02-16,2.946,2.827,2.848
2017-02-17,2.892,2.826,2.846
2017-02-18,2.848,2.79,2.8040000000000003
2017-02-19,2.804,2.754,2.762
2017-02-20,2.775,2.743,2.763
2017-02-21,2.776,2.578,2.592
2017-02-22,2.649,2.541,2.622
2017-02-23,2.708,2.605,2.648
2017-02-24,2.698,2.636,2.697
2017-02-25,2.6630000000000003,2.6189999999999998,2.6565000000000003
2017-02-26,2.628,2.602,2.616
2017-02-27,2.62,2.572,2.604
2017-02-28,2.701,2.571,2.674
2017-03-01,2.74,2.66,2.712
2017-03-02,2.749,2.652,2.738
2017-03-03,2.756,2.698,2.746
2017-03-04,2.8019999999999996,2.763,2.7904999999999998
2017-03-05,2.848,2.828,2.835
2017-03-06,2.878,2.785,2.808
2017-03-07,2.82,2.747,2.778
2017-03-08,2.88,2.768,2.851
2017-03-09,2.929,2.824,2.925
2017-03-10,2.98,2.905,2.979
2017-03-11,3.0060000000000002,2.9604999999999997,3.003
2017-03-12,3.032,3.016,3.027
2017-03-13,3.027,2.939,2.972
2017-03-14,3.012,2.879,2.9
2017-03-15,2.959,2.878,2.924
2017-03-16,2.926,2.848,2.874
2017-03-17,2.924,2.847,2.923
2017-03-18,2.9050000000000002,2.859,2.9015
2017-03-19,2.886,2.871,2.88
2017-03-20,3.053,2.877,3.044
2017-03-21,3.082,3.007,3.064
2017-03-22,3.064,2.984,2.997
2017-03-23,3.041,2.966,3.029
2017-03-24,3.072,3.0,3.066
2017-03-25,3.096,3.0535,3.0925000000000002
2017-03-26,3.12,3.107,3.119
2017-03-27,3.12,3.03,3.036
2017-03-28,3.11,3.016,3.088
2017-03-29,3.176,3.086,3.142
2017-03-30,3.162,3.074,3.144
2017-03-31,3.17,3.095,3.122
2017-04-01,3.165,3.122,3.138
2017-04-02,3.16,3.149,3.154
2017-04-03,3.174,3.066,3.084
2017-04-04,3.238,3.063,3.232
2017-04-05,3.288,3.196,3.216
2017-04-06,3.28,3.18,3.248
2017-04-07,3.284,3.198,3.198
2017-04-08,3.246,3.1915,3.2
2017-04-09,3.208,3.185,3.202
2017-04-10,3.246,3.184,3.2
2017-04-11,3.225,3.101,3.129
2017-04-12,3.158,3.096,3.136
2017-04-13,3.206,3.112,3.2
2017-04-14,3.21,3.126,3.19
2017-04-15,3.214,3.14,3.18
2017-04-16,3.218,3.154,3.17
2017-04-17,3.21,3.135,3.138
2017-04-18,3.159,3.092,3.128
2017-04-19,3.204,3.124,3.17
2017-04-20,3.2,3.119,3.148
2017-04-21,3.17,3.072,3.092
2017-04-22,3.1550000000000002,3.082,3.105
2017-04-23,3.14,3.092,3.118
2017-04-24,3.126,3.036,3.064
2017-04-25,3.088,3.036,3.073
2017-04-26,3.186,3.071,3.17
2017-04-27,3.176,3.12,3.158
2017-04-28,3.21,3.145,3.181
2017-04-29,3.202,3.1559999999999997,3.1855
2017-04-30,3.194,3.167,3.19
2017-05-01,3.234,3.124,3.152
2017-05-02,3.198,3.106,3.113
2017-05-03,3.162,3.105,3.15
2017-05-04,3.182,3.098,3.13
2017-05-05,3.21,3.118,3.206
2017-05-06,3.2,3.1475,3.1959999999999997
2017-05-07,3.19,3.177,3.186
2017-05-08,3.204,3.084,3.13
2017-05-09,3.19,3.124,3.162
2017-05-10,3.294,3.149,3.23
2017-05-11,3.336,3.222,3.318
2017-05-12,3.38,3.301,3.378
2017-05-13,3.365,3.3195,3.3609999999999998
2017-05-14,3.35,3.338,3.344
2017-05-15,3.366,3.296,3.314
2017-05-16,3.33,3.182,3.196
2017-05-17,3.234,3.133,3.176
2017-05-18,3.211,3.133,3.158
2017-05-19,3.242,3.16,3.222
2017-05-20,3.258,3.2110000000000003,3.2439999999999998
2017-05-21,3.274,3.262,3.266
2017-05-22,3.314,3.259,3.306
2017-05-23,3.308,3.196,3.218
2017-05-24,3.237,3.166,3.191
2017-05-25,3.248,3.142,3.185
2017-05-26,3.228,3.159,3.201
2017-05-27,3.1925,3.143,3.1734999999999998
2017-05-28,3.157,3.127,3.146
2017-05-29,3.155,3.108,3.116
2017-05-30,3.138,3.06,3.063
2017-05-31,3.092,2.984,3.009
2017-06-01,3.05,2.916,2.966
2017-06-02,2.968,2.92,2.936
2017-06-03,2.974,2.942,2.952
2017-06-04,2.98,2.964,2.968
2017-06-05,2.983,2.874,2.921
2017-06-06,3.004,2.913,3.0
2017-06-07,3.034,2.952,2.962
2017-06-08,3.012,2.926,2.986
2017-06-09,3.012,2.976,2.988
2017-06-10,2.998,2.973,2.98
2017-06-11,2.984,2.97,2.972
2017-06-12,3.042,2.958,2.974
2017-06-13,3.02,2.91,2.93
2017-06-14,2.948,2.878,2.908
2017-06-15,3.028,2.894,3.02
2017-06-16,3.048,2.99,2.994
2017-06-17,2.995,2.9530000000000003,2.958
2017-06-18,2.942,2.916,2.922
2017-06-19,2.932,2.856,2.874
2017-06-20,2.892,2.858,2.874
2017-06-21,2.928,2.86,2.876
2017-06-22,2.944,2.842,2.886
2017-06-23,2.926,2.886,2.908
2017-06-24,2.96,2.931,2.949
2017-06-25,2.994,2.976,2.99
2017-06-26,3.045,2.968,3.035
2017-06-27,3.058,3.013,3.029
2017-06-28,3.09,3.032,3.064
2017-06-29,3.097,3.011,3.015
2017-06-30,3.028,2.954,3.014
2017-07-01,2.982,2.935,2.9734999999999996
2017-07-02,2.936,2.916,2.933
2017-07-03,3.03,2.923,2.94
2017-07-04,2.973,2.932,2.966
2017-07-05,3.001,2.814,2.84
2017-07-06,2.88,2.835,2.87
2017-07-07,2.93,2.834,2.842
2017-07-08,2.9065000000000003,2.8515,2.8594999999999997
2017-07-09,2.883,2.869,2.877
2017-07-10,2.932,2.857,2.914
2017-07-11,3.038,2.91,3.025
2017-07-12,3.029,2.958,2.988
2017-07-13,3.008,2.936,2.952
2017-07-14,2.989,2.918,2.968
2017-07-15,2.9865,2.946,2.976
2017-07-16,2.984,2.974,2.984
2017-07-17,3.038,2.976,3.013
2017-07-18,3.085,3.015,3.072
2017-07-19,3.096,3.056,3.064
2017-07-20,3.106,3.012,3.024
2017-07-21,3.036,2.934,2.954
2017-07-22,2.9859999999999998,2.927,2.944
2017-07-23,2.936,2.92,2.934
2017-07-24,2.949,2.874,2.898
2017-07-25,2.944,2.893,2.941
2017-07-26,2.956,2.892,2.922
2017-07-27,2.996,2.904,2.963
2017-07-28,2.988,2.93,2.931
2017-07-29,2.9415,2.904,2.9125
2017-07-30,2.895,2.878,2.894
2017-07-31,2.898,2.787,2.824
2017-08-01,2.839,2.767,2.81
2017-08-02,2.84,2.79,2.822
2017-08-03,2.85,2.793,2.798
2017-08-04,2.804,2.758,2.783
2017-08-05,2.7995,2.7649999999999997,2.7889999999999997
2017-08-06,2.795,2.772,2.795
2017-08-07,2.814,2.77,2.808
2017-08-08,2.834,2.788,2.819
2017-08-09,2.901,2.809,2.881
2017-08-10,2.997,2.876,2.984
2017-08-11,2.996,2.966,2.992
2017-08-12,3.0084999999999997,2.9875,3.004
2017-08-13,3.021,3.009,3.016
2017-08-14,3.016,2.928,2.964
2017-08-15,2.973,2.906,2.906
2017-08-16,2.934,2.87,2.884
2017-08-17,2.941,2.86,2.916
2017-08-18,2.93,2.888,2.888
2017-08-19,2.9215,2.891,2.894
2017-08-20,2.913,2.894,2.9
2017-08-21,2.981,2.869,2.968
2017-08-22,3.008,2.928,2.936
2017-08-23,2.959,2.906,2.931
2017-08-24,2.989,2.926,2.95
2017-08-25,2.957,2.892,2.904
2017-08-26,2.9425,2.8985,2.9115
2017-08-27,2.928,2.905,2.919
2017-08-28,2.974,2.86,2.928
2017-08-29,2.969,2.922,2.956
2017-08-30,2.957,2.908,2.924
2017-08-31,3.038,2.89,3.024
2017-09-01,3.068,2.98,3.046
2017-09-02,3.051,2.9945,3.0359999999999996
2017-09-03,3.034,3.009,3.026
2017-09-04,3.041,3.001,3.004
2017-09-05,3.028,2.95,2.954
2017-09-06,3.015,2.944,2.992
2017-09-07,3.014,2.943,2.946
2017-09-08,2.96,2.871,2.886
2017-09-09,2.942,2.8834999999999997,2.899
2017-09-10,2.924,2.896,2.912
2017-09-11,2.942,2.888,2.939
2017-09-12,3.032,2.926,2.992
2017-09-13,3.066,2.992,3.052
2017-09-14,3.096,3.027,3.056
2017-09-15,3.064,2.997,3.024
2017-09-16,3.0625,3.0220000000000002,3.041
2017-09-17,3.061,3.047,3.058
2017-09-18,3.15,3.054,3.14
2017-09-19,3.159,3.106,3.113
2017-09-20,3.142,3.072,3.084
2017-09-21,3.084,2.944,2.96
2017-09-22,2.978,2.95,2.954
2017-09-23,2.9720000000000004,2.9495,2.959
2017-09-24,2.966,2.949,2.964
2017-09-25,2.994,2.927,2.94
2017-09-26,2.972,2.924,2.96
2017-09-27,3.036,2.954,3.01
2017-09-28,3.029,2.954,2.966
2017-09-29,2.994,2.946,2.972
2017-09-30,2.987,2.9545000000000003,2.972
2017-10-01,2.98,2.963,2.972
2017-10-02,2.974,2.85,2.888
2017-10-03,2.895,2.843,2.866
2017-10-04,2.938,2.864,2.9
2017-10-05,2.958,2.861,2.87
2017-10-06,2.881,2.824,2.829
2017-10-07,2.8564999999999996,2.815,2.8245
2017-10-08,2.832,2.806,2.82
2017-10-09,2.856,2.799,2.808
2017-10-10,2.868,2.808,2.86
2017-10-11,2.935,2.858,2.886
2017-10-12,2.984,2.872,2.968
2017-10-13,3.012,2.962,2.98
2017-10-14,2.9844999999999997,2.95,2.968
2017-10-15,2.957,2.938,2.956
2017-10-16,2.956,2.89,2.942
2017-10-17,3.008,2.906,2.916
2017-10-18,2.924,2.837,2.856
2017-10-19,2.897,2.761,2.874
2017-10-20,2.926,2.845,2.899
2017-10-21,2.966,2.9085,2.9365
2017-10-22,3.006,2.972,2.974
2017-10-23,3.001,2.946,2.958
2017-10-24,2.988,2.946,2.976
2017-10-25,2.984,2.911,2.93
2017-10-26,2.937,2.878,2.892
2017-10-27,2.894,2.796,2.81
2017-10-28,2.857,2.799,2.8120000000000003
2017-10-29,2.82,2.802,2.814
2017-10-30,2.866,2.812,2.85
2017-10-31,2.868,2.754,2.776
2017-11-01,2.802,2.723,2.78
2017-11-02,2.834,2.778,2.814
2017-11-03,2.878,2.812,2.876
2017-11-04,2.926,2.8795,2.9139999999999997
2017-11-05,2.974,2.947,2.952
2017-11-06,3.032,2.942,3.018
2017-11-07,3.068,2.984,3.04
2017-11-08,3.086,3.012,3.06
2017-11-09,3.118,3.056,3.112
2017-11-10,3.13,3.079,3.128
2017-11-11,3.126,3.0855,3.112
2017-11-12,3.122,3.092,3.096
2017-11-13,3.151,3.052,3.064
2017-11-14,3.067,2.996,3.008
2017-11-15,3.086,2.988,3.029
2017-11-16,3.048,2.988,3.017
2017-11-17,3.078,3.003,3.077
2017-11-18,3.061,3.0145,3.058
2017-11-19,3.044,3.026,3.039
2017-11-20,3.04,2.986,3.0
2017-11-21,3.028,2.975,2.98
2017-11-22,2.993,2.927,2.947
2017-11-23,2.958,2.872,2.892
2017-11-24,2.902,2.793,2.812
2017-11-25,2.914,2.8435,2.854
2017-11-26,2.926,2.894,2.896
2017-11-27,2.938,2.869,2.936
2017-11-28,3.046,2.926,3.03
2017-11-29,3.112,3.026,3.078
2017-11-30,3.09,2.914,2.946
2017-12-01,3.02,2.936,2.967
2017-12-02,3.019,2.968,2.9895
2017-12-03,3.018,3.0,3.012
2017-12-04,3.04,2.874,2.904
2017-12-05,2.917,2.801,2.846
2017-12-06,2.886,2.813,2.835
2017-12-07,2.85,2.684,2.717
2017-12-08,2.756,2.696,2.726
2017-12-09,2.7699999999999996,2.729,2.751
2017-12-10,2.784,2.762,2.776
2017-12-11,2.792,2.74,2.752
2017-12-12,2.792,2.625,2.658
2017-12-13,2.704,2.611,2.667
2017-12-14,2.672,2.603,2.645
2017-12-15,2.693,2.544,2.586
2017-12-16,2.6595,2.5745,2.6029999999999998
2017-12-17,2.626,2.605,2.62
2017-12-18,2.747,2.606,2.722
2017-12-19,2.743,2.664,2.702
2017-12-20,2.731,2.586,2.624
2017-12-21,2.631,2.535,2.588
2017-12-22,2.647,2.558,2.646
2017-12-23,2.6666666666666665,2.5926666666666667,2.663333333333333
2017-12-24,2.6863333333333332,2.627333333333333,2.6806666666666668
2017-12-25,2.706,2.662,2.698
2017-12-26,2.739,2.611,2.628
2017-12-27,2.727,2.587,2.716
2017-12-28,2.919,2.71,2.912
2017-12-29,2.982,2.896,2.93
2017-12-30,3.011,2.9366666666666665,2.9753333333333334
2017-12-31,3.04,2.977333333333333,3.0206666666666666
2018-01-01,3.069,3.018,3.066
2018-01-02,3.072,2.902,3.02
2018-01-03,3.032,2.938,3.009
2018-01-04,3.048,2.822,2.864
2018-01-05,2.868,2.728,2.769
2018-01-06,2.8535,2.76,2.7965
2018-01-07,2.839,2.792,2.824
2018-01-08,2.852,2.769,2.822
2018-01-09,2.949,2.812,2.943
2018-01-10,2.973,2.855,2.898
2018-01-11,3.122,2.872,3.104
2018-01-12,3.208,3.056,3.192
2018-01-13,3.159,3.0655,3.149
2018-01-14,3.11,3.075,3.106
2018-01-15,3.163,3.093,3.122
2018-01-16,3.163,3.028,3.127
2018-01-17,3.277,3.089,3.234
2018-01-18,3.247,3.06,3.181
2018-01-19,3.236,3.126,3.178
2018-01-20,3.2439999999999998,3.181,3.2145
2018-01-21,3.252,3.236,3.251
2018-01-22,3.262,3.138,3.246
2018-01-23,3.435,3.244,3.378
2018-01-24,3.432,3.312,3.351
2018-01-25,3.461,3.34,3.381
2018-01-26,3.481,3.352,3.448
2018-01-27,3.4085,3.323,3.392
2018-01-28,3.336,3.294,3.336
2018-01-29,3.446,3.285,3.436
2018-01-30,3.512,3.404,3.408
2018-01-31,3.425,3.166,3.176
2018-02-01,3.195,3.039,3.082
2018-02-02,3.123,3.035,3.058
2018-02-03,3.076,3.0205,3.042
2018-02-04,3.029,3.006,3.026
2018-02-05,3.054,2.9,2.936
2018-02-06,2.946,2.852,2.914
2018-02-07,2.934,2.834,2.855
2018-02-08,2.898,2.821,2.834
2018-02-09,2.839,2.701,2.734
2018-02-10,2.7695,2.677,2.716
2018-02-11,2.7,2.653,2.698
2018-02-12,2.715,2.642,2.678
2018-02-13,2.74,2.672,2.7
2018-02-14,2.716,2.642,2.702
2018-02-15,2.703,2.611,2.66
2018-02-16,2.664,2.612,2.637
2018-02-17,2.66,2.6189999999999998,2.6425
2018-02-18,2.656,2.626,2.648
2018-02-19,2.672,2.614,2.658
2018-02-20,2.696,2.65,2.684
2018-02-21,2.716,2.61,2.69
2018-02-22,2.708,2.668,2.678
2018-02-23,2.688,2.628,2.685
2018-02-24,2.704,2.661,2.6975
2018-02-25,2.72,2.694,2.71
2018-02-26,2.736,2.656,2.698
2018-02-27,2.715,2.648,2.706
2018-02-28,2.723,2.666,2.674
2018-03-01,2.743,2.656,2.71
2018-03-02,2.74,2.7,2.722
2018-03-03,2.736,2.7060000000000004,2.718
2018-03-04,2.732,2.712,2.714
2018-03-05,2.73,2.684,2.726
2018-03-06,2.768,2.714,2.762
2018-03-07,2.798,2.756,2.788
2018-03-08,2.802,2.749,2.758
2018-03-09,2.758,2.722,2.726
2018-03-10,2.754,2.7279999999999998,2.733
2018-03-11,2.75,2.734,2.74
2018-03-12,2.812,2.726,2.794
2018-03-13,2.818,2.784,2.796
2018-03-14,2.804,2.718,2.742
2018-03-15,2.756,2.67,2.69
2018-03-16,2.704,2.674,2.698
2018-03-17,2.697,2.677,2.693
2018-03-18,2.69,2.68,2.688
2018-03-19,2.711,2.646,2.665
2018-03-20,2.699,2.654,2.686
2018-03-21,2.712,2.644,2.654
2018-03-22,2.679,2.632,2.642
2018-03-23,2.644,2.604,2.613
2018-03-24,2.6260000000000003,2.6,2.6105
2018-03-25,2.608,2.596,2.608
2018-03-26,2.662,2.606,2.65
2018-03-27,2.712,2.644,2.704
2018-03-28,2.706,2.674,2.686
2018-03-29,2.747,2.686,2.718
2018-03-30,2.7426666666666666,2.696,2.72
2018-03-31,2.7383333333333333,2.706,2.722
2018-04-01,2.734,2.716,2.724
2018-04-02,2.744,2.638,2.665
2018-04-03,2.693,2.654,2.69
2018-04-04,2.733,2.662,2.696
2018-04-05,2.7,2.64,2.666
2018-04-06,2.704,2.666,2.689
2018-04-07,2.691,2.666,2.6805000000000003
2018-04-08,2.678,2.666,2.672
2018-04-09,2.7,2.63,2.688
2018-04-10,2.716,2.634,2.652
2018-04-11,2.68,2.614,2.662
2018-04-12,2.691,2.64,2.68
2018-04-13,2.751,2.666,2.73
2018-04-14,2.7554999999999996,2.7039999999999997,2.737
2018-04-15,2.76,2.742,2.744
2018-04-16,2.772,2.733,2.74
2018-04-17,2.756,2.706,2.74
2018-04-18,2.782,2.73,2.738
2018-04-19,2.739,2.662,2.678
2018-04-20,2.739,2.66,2.736
2018-04-21,2.745,2.6950000000000003,2.7365000000000004
2018-04-22,2.751,2.73,2.737
2018-04-23,2.752,2.709,2.752
2018-04-24,2.794,2.732,2.79
2018-04-25,2.794,2.756,2.786
2018-04-26,2.814,2.772,2.798
2018-04-27,2.803,2.742,2.742
2018-04-28,2.7725,2.737,2.742
2018-04-29,2.742,2.732,2.742
2018-04-30,2.754,2.704,2.743
2018-05-01,2.794,2.736,2.782
2018-05-02,2.783,2.723,2.734
2018-05-03,2.751,2.679,2.71
2018-05-04,2.72,2.682,2.693
2018-05-05,2.7110000000000003,2.686,2.6975
2018-05-06,2.702,2.69,2.702
2018-05-07,2.751,2.678,2.717
2018-05-08,2.754,2.69,2.718
2018-05-09,2.742,2.71,2.717
2018-05-10,2.802,2.693,2.786
2018-05-11,2.804,2.778,2.8
2018-05-12,2.8095,2.79,2.801
2018-05-13,2.815,2.802,2.802
2018-05-14,2.834,2.785,2.826
2018-05-15,2.85,2.812,2.818
2018-05-16,2.832,2.797,2.804
2018-05-17,2.85,2.77,2.838
2018-05-18,2.86,2.823,2.826
2018-05-19,2.8455,2.8205,2.8280000000000003
2018-05-20,2.831,2.818,2.83
2018-05-21,2.84,2.8,2.814
2018-05-22,2.911,2.81,2.896
2018-05-23,2.933,2.892,2.914
2018-05-24,2.933,2.9,2.924
2018-05-25,2.953,2.904,2.924
2018-05-26,2.9425,2.9139999999999997,2.926
2018-05-27,2.932,2.924,2.928
2018-05-28,2.962,2.902,2.937
2018-05-29,2.952,2.831,2.866
2018-05-30,2.872,2.836,2.856
2018-05-31,2.953,2.855,2.918
2018-06-01,2.95,2.9,2.949
2018-06-02,2.9435000000000002,2.9130000000000003,2.9405
2018-06-03,2.937,2.926,2.932
2018-06-04,2.951,2.892,2.894
2018-06-05,2.905,2.848,2.868
2018-06-06,2.887,2.848,2.874
2018-06-07,2.961,2.874,2.904
2018-06-08,2.905,2.853,2.878
2018-06-09,2.913,2.8735,2.896
2018-06-10,2.921,2.894,2.914
2018-06-11,2.945,2.909,2.939
2018-06-12,2.968,2.898,2.918
2018-06-13,2.961,2.898,2.943
2018-06-14,2.958,2.916,2.952
2018-06-15,3.018,2.952,3.018
2018-06-16,3.029,2.989,3.0229999999999997
2018-06-17,3.04,3.026,3.028
2018-06-18,3.03,2.934,2.936
2018-06-19,2.942,2.878,2.908
2018-06-20,2.961,2.903,2.96
2018-06-21,3.004,2.94,2.975
2018-06-22,2.985,2.92,2.937
2018-06-23,2.9565,2.917,2.9265
2018-06-24,2.928,2.914,2.916
2018-06-25,2.93,2.896,2.924
2018-06-26,2.948,2.902,2.944
2018-06-27,2.997,2.944,2.991
2018-06-28,3.02,2.93,2.946
2018-06-29,2.949,2.91,2.923
2018-06-30,2.9364999999999997,2.91,2.9165
2018-07-01,2.924,2.91,2.91
2018-07-02,2.912,2.853,2.861
2018-07-03,2.902,2.846,2.848
2018-07-04,2.893,2.823,2.84
2018-07-05,2.882,2.828,2.83
2018-07-06,2.86,2.824,2.856
2018-07-07,2.8529999999999998,2.8289999999999997,2.8475
2018-07-08,2.846,2.834,2.839
2018-07-09,2.864,2.817,2.832
2018-07-10,2.834,2.781,2.786
2018-07-11,2.831,2.781,2.826
2018-07-12,2.826,2.789,2.798
2018-07-13,2.812,2.75,2.758
2018-07-14,2.7895,2.7560000000000002,2.762
2018-07-15,2.767,2.762,2.766
2018-07-16,2.776,2.736,2.768
2018-07-17,2.786,2.732,2.744
2018-07-18,2.754,2.72,2.726
2018-07-19,2.774,2.704,2.77
2018-07-20,2.782,2.754,2.762
2018-07-21,2.7595,2.741,2.748
2018-07-22,2.737,2.728,2.734
2018-07-23,2.738,2.714,2.722
2018-07-24,2.744,2.71,2.741
2018-07-25,2.777,2.734,2.77
2018-07-26,2.794,2.765,2.774
2018-07-27,2.812,2.774,2.799
2018-07-28,2.8099999999999996,2.783,2.801
2018-07-29,2.808,2.792,2.803
2018-07-30,2.828,2.78,2.814
2018-07-31,2.844,2.774,2.792
2018-08-01,2.8,2.752,2.756
2018-08-02,2.84,2.755,2.83
2018-08-03,2.872,2.828,2.862
2018-08-04,2.873,2.843,2.863
2018-08-05,2.874,2.858,2.864
2018-08-06,2.872,2.833,2.87
2018-08-07,2.91,2.869,2.902
2018-08-08,2.961,2.894,2.96
2018-08-09,2.969,2.94,2.952
2018-08-10,2.964,2.926,2.947
2018-08-11,2.9539999999999997,2.9290000000000003,2.9435000000000002
2018-08-12,2.944,2.932,2.94
2018-08-13,2.953,2.907,2.937
2018-08-14,2.981,2.93,2.956
2018-08-15,2.969,2.936,2.941
2018-08-16,2.954,2.898,2.92
2018-08-17,2.973,2.92,2.952
2018-08-18,2.9555,2.9234999999999998,2.941
2018-08-19,2.938,2.927,2.93
2018-08-20,2.964,2.908,2.962
2018-08-21,2.996,2.956,2.99
2018-08-22,2.994,2.95,2.959
2018-08-23,2.981,2.938,2.972
2018-08-24,2.977,2.916,2.919
2018-08-25,2.9475,2.9115,2.9185
2018-08-26,2.918,2.907,2.918
2018-08-27,2.922,2.876,2.876
2018-08-28,2.884,2.845,2.862
2018-08-29,2.885,2.841,2.878
2018-08-30,2.899,2.852,2.896
2018-08-31,2.941,2.894,2.931
2018-09-01,2.9265,2.893,2.9185
2018-09-02,2.912,2.892,2.906
2018-09-03,2.906,2.828,2.873
2018-09-04,2.882,2.821,2.826
2018-09-05,2.85,2.796,2.8
2018-09-06,2.804,2.773,2.79
2018-09-07,2.792,2.766,2.783
2018-09-08,2.787,2.7720000000000002,2.7824999999999998
2018-09-09,2.782,2.778,2.782
2018-09-10,2.818,2.759,2.811
2018-09-11,2.847,2.792,2.842
2018-09-12,2.875,2.822,2.826
2018-09-13,2.86,2.81,2.815
2018-09-14,2.818,2.767,2.771
2018-09-15,2.801,2.7725,2.7765
2018-09-16,2.784,2.778,2.782
2018-09-17,2.833,2.781,2.82
2018-09-18,2.938,2.816,2.93
2018-09-19,2.95,2.902,2.912
2018-09-20,3.002,2.904,2.978
2018-09-21,3.008,2.96,3.002
2018-09-22,3.004,2.971,2.9939999999999998
2018-09-23,3.0,2.982,2.986
2018-09-24,3.067,2.976,3.062
2018-09-25,3.088,3.039,3.072
2018-09-26,3.086,2.99,2.995
2018-09-27,3.134,2.988,3.08
2018-09-28,3.084,2.999,3.024
2018-09-29,3.066,3.0115,3.035
2018-09-30,3.048,3.024,3.046
2018-10-01,3.138,3.036,3.132
2018-10-02,3.215,3.129,3.188
2018-10-03,3.28,3.176,3.26
2018-10-04,3.27,3.15,3.202
2018-10-05,3.243,3.128,3.172
2018-10-06,3.2264999999999997,3.159,3.1870000000000003
2018-10-07,3.21,3.19,3.202
2018-10-08,3.31,3.194,3.302
2018-10-09,3.382,3.253,3.32
2018-10-10,3.372,3.267,3.282
2018-10-11,3.3,3.167,3.252
2018-10-12,3.283,3.152,3.162
2018-10-13,3.2605,3.1845,3.1935000000000002
2018-10-14,3.238,3.217,3.225
2018-10-15,3.284,3.189,3.27
2018-10-16,3.322,3.222,3.262
2018-10-17,3.348,3.249,3.326
2018-10-18,3.329,3.202,3.254
2018-10-19,3.266,3.164,3.236
2018-10-20,3.246,3.178,3.22
2018-10-21,3.226,3.192,3.204
2018-10-22,3.251,3.132,3.146
2018-10-23,3.244,3.116,3.23
2018-10-24,3.254,3.164,3.186
2018-10-25,3.235,3.152,3.164
2018-10-26,3.2,3.099,3.196
2018-10-27,3.177,3.1185,3.1710000000000003
2018-10-28,3.154,3.138,3.146
2018-10-29,3.158,3.091,3.137
2018-10-30,3.236,3.124,3.174
2018-10-31,3.251,3.166,3.23
2018-11-01,3.276,3.176,3.202
2018-11-02,3.272,3.129,3.255
2018-11-03,3.372,3.2725,3.3415
2018-11-04,3.472,3.416,3.428
2018-11-05,3.538,3.4,3.512
2018-11-06,3.544,3.479,3.499
2018-11-07,3.524,3.452,3.503
2018-11-08,3.534,3.462,3.528
2018-11-09,3.79,3.522,3.692
2018-11-10,3.775,3.621,3.716
2018-11-11,3.76,3.72,3.74
2018-11-12,3.924,3.708,3.876
2018-11-13,4.082,3.876,4.048
2018-11-14,4.872,4.024,4.671
2018-11-15,4.752,3.86,3.943
2018-11-16,4.359,3.9,4.358
2018-11-17,4.536,4.215,4.471
2018-11-18,4.713,4.53,4.584
2018-11-19,4.766,4.409,4.525
2018-11-20,4.654,4.26,4.542
2018-11-21,4.841,4.406,4.502
2018-11-22,4.518,4.106,4.238
2018-11-23,4.564,4.213,4.319
2018-11-24,4.338,4.125500000000001,4.2115
2018-11-25,4.112,4.038,4.104
2018-11-26,4.297,4.01,4.225
2018-11-27,4.317,4.117,4.239
2018-11-28,4.694,4.182,4.599
2018-11-29,4.644,4.426,4.595
2018-11-30,4.742,4.446,4.61
2018-12-01,4.62,4.439,4.5215
2018-12-02,4.498,4.432,4.433
2018-12-03,4.51,4.222,4.39
2018-12-04,4.55,4.351,4.501
2018-12-05,4.606,4.385,4.432
2018-12-06,4.465,4.252,4.31
2018-12-07,4.548,4.213,4.483
2018-12-08,4.593999999999999,4.3865,4.542999999999999
2018-12-09,4.64,4.56,4.603
2018-12-10,4.648,4.374,4.506
2018-12-11,4.57,4.334,4.372
2018-12-12,4.39,4.068,4.094
2018-12-13,4.293,4.038,4.065
2018-12-14,4.07,3.778,3.782
2018-12-15,3.857,3.69,3.705
2018-12-16,3.644,3.602,3.628
2018-12-17,3.733,3.508,3.58
2018-12-18,3.842,3.573,3.81
2018-12-19,3.884,3.558,3.696
2018-12-20,3.931,3.568,3.701
2018-12-21,3.822,3.59,3.696
2018-12-22,3.827,3.6645,3.74
2018-12-23,3.832,3.739,3.784
2018-12-24,3.816,3.45,3.462
2018-12-25,3.592,3.446,3.584
2018-12-26,3.584,3.295,3.47
2018-12-27,3.596,3.404,3.542
2018-12-28,3.553,3.316,3.343
2018-12-29,3.355,3.2055,3.2344999999999997
2018-12-30,3.157,3.095,3.126
2018-12-31,3.172,2.962,3.0
2019-01-01,3.03,2.952,3.018
2019-01-02,3.07,2.934,2.993
2019-01-03,3.04,2.906,2.935
2019-01-04,3.076,2.922,3.056
2019-01-05,3.027,2.928,3.008
2019-01-06,2.978,2.934,2.96
2019-01-07,3.016,2.948,2.99
2019-01-08,3.076,2.984,3.01
2019-01-09,3.04,2.962,3.02
2019-01-10,3.11,2.982,3.032
2019-01-11,3.187,3.031,3.18
2019-01-12,3.2765,3.1765,3.257
2019-01-13,3.366,3.322,3.334
2019-01-14,3.711,3.302,3.696
2019-01-15,3.74,3.45,3.482
2019-01-16,3.713,3.356,3.452
2019-01-17,3.608,3.35,3.405
2019-01-18,3.512,3.215,3.436
2019-01-19,3.4335,3.2685,3.38
2019-01-20,3.355,3.322,3.324
2019-01-21,3.369,3.241,3.319
2019-01-22,3.364,3.034,3.072
2019-01-23,3.172,2.964,3.049
2019-01-24,3.149,2.995,3.144
2019-01-25,3.18,3.035,3.138
2019-01-26,3.068,2.9775,3.042
2019-01-27,2.956,2.92,2.946
2019-01-28,3.0,2.934,2.967
2019-01-29,2.998,2.876,2.98
2019-01-30,2.993,2.918,2.948
2019-01-31,2.989,2.87,2.914
2019-02-01,2.914,2.794,2.796
2019-02-02,2.8465,2.777,2.7859999999999996
2019-02-03,2.779,2.76,2.776
2019-02-04,2.79,2.71,2.721
2019-02-05,2.768,2.692,2.758
2019-02-06,2.767,2.7,2.733
2019-02-07,2.737,2.594,2.63
2019-02-08,2.662,2.602,2.658
2019-02-09,2.6870000000000003,2.646,2.6799999999999997
2019-02-10,2.712,2.69,2.702
2019-02-11,2.782,2.676,2.689
2019-02-12,2.732,2.654,2.678
2019-02-13,2.682,2.591,2.621
2019-02-14,2.643,2.595,2.605
2019-02-15,2.662,2.571,2.658
2019-02-16,2.6559999999999997,2.6020000000000003,2.6479999999999997
2019-02-17,2.65,2.633,2.638
2019-02-18,2.684,2.622,2.661
2019-02-19,2.688,2.625,2.668
2019-02-20,2.703,2.646,2.665
2019-02-21,2.728,2.654,2.71
2019-02-22,2.736,2.686,2.709
2019-02-23,2.7560000000000002,2.721,2.7375
2019-02-24,2.776,2.756,2.766
2019-02-25,2.81,2.742,2.806
2019-02-26,2.84,2.753,2.758
2019-02-27,2.803,2.724,2.802
2019-02-28,2.834,2.774,2.782
2019-03-01,2.862,2.777,2.839
2019-03-02,2.8565,2.8075,2.8425000000000002
2019-03-03,2.851,2.838,2.846
2019-03-04,2.88,2.814,2.846
2019-03-05,2.885,2.836,2.878
2019-03-06,2.889,2.817,2.842
2019-03-07,2.866,2.806,2.856
2019-03-08,2.888,2.852,2.858
2019-03-09,2.862,2.833,2.839
2019-03-10,2.836,2.814,2.82
2019-03-11,2.822,2.762,2.77
2019-03-12,2.794,2.749,2.788
2019-03-13,2.843,2.759,2.838
2019-03-14,2.852,2.821,2.84
2019-03-15,2.852,2.789,2.789
2019-03-16,2.8215,2.7855,2.7895000000000003
2019-03-17,2.791,2.782,2.79
2019-03-18,2.854,2.772,2.842
2019-03-19,2.894,2.833,2.861
2019-03-20,2.87,2.812,2.834
2019-03-21,2.834,2.796,2.816
2019-03-22,2.816,2.725,2.754
2019-03-23,2.769,2.7175000000000002,2.734
2019-03-24,2.722,2.71,2.714
2019-03-25,2.769,2.706,2.763
2019-03-26,2.77,2.73,2.732
2019-03-27,2.733,2.676,2.706
2019-03-28,2.736,2.693,2.706
2019-03-29,2.712,2.644,2.659
2019-03-30,2.6875,2.645,2.658
2019-03-31,2.663,2.646,2.657
2019-04-01,2.719,2.652,2.69
2019-04-02,2.708,2.662,2.677
2019-04-03,2.683,2.648,2.666
2019-04-04,2.674,2.624,2.626
2019-04-05,2.67,2.624,2.669
2019-04-06,2.668,2.637,2.6675
2019-04-07,2.666,2.65,2.666
2019-04-08,2.712,2.65,2.709
2019-04-09,2.715,2.672,2.7
2019-04-10,2.72,2.678,2.692
2019-04-11,2.703,2.644,2.668
2019-04-12,2.68,2.644,2.648
2019-04-13,2.6615,2.64,2.6420000000000003
2019-04-14,2.643,2.636,2.636
2019-04-15,2.647,2.582,2.586
2019-04-16,2.588,2.566,2.569
2019-04-17,2.576,2.5,2.503
2019-04-18,2.516,2.476,2.488
2019-04-19,2.511,2.4783333333333335,2.490666666666667
2019-04-20,2.506,2.4806666666666666,2.493333333333333
2019-04-21,2.501,2.483,2.496
2019-04-22,2.533,2.496,2.532
2019-04-23,2.532,2.446,2.462
2019-04-24,2.486,2.456,2.472
2019-04-25,2.522,2.442,2.506
2019-04-26,2.57,2.486,2.548
2019-04-27,2.561,2.511,2.55
2019-04-28,2.552,2.536,2.552
2019-04-29,2.566,2.515,2.556
2019-04-30,2.582,2.531,2.548
2019-05-01,2.596,2.536,2.58
2019-05-02,2.588,2.535,2.564
2019-05-03,2.582,2.527,2.538
2019-05-04,2.565,2.5275,2.541
2019-05-05,2.548,2.528,2.544
2019-05-06,2.548,2.492,2.5
2019-05-07,2.532,2.494,2.524
2019-05-08,2.592,2.515,2.584
2019-05-09,2.584,2.542,2.564
2019-05-10,2.626,2.555,2.6
2019-05-11,2.617,2.5725,2.6
2019-05-12,2.608,2.59,2.6
2019-05-13,2.635,2.58,2.61
2019-05-14,2.652,2.606,2.636
2019-05-15,2.652,2.582,2.596
2019-05-16,2.631,2.573,2.626
2019-05-17,2.645,2.603,2.61
2019-05-18,2.6385,2.6095,2.621
2019-05-19,2.632,2.616,2.632
2019-05-20,2.688,2.63,2.654
2019-05-21,2.655,2.602,2.612
2019-05-22,2.614,2.531,2.544
2019-05-23,2.582,2.535,2.577
2019-05-24,2.604,2.541,2.594
2019-05-25,2.601,2.5645,2.5934999999999997
2019-05-26,2.598,2.588,2.593
2019-05-27,2.606,2.55,2.57
2019-05-28,2.58,2.531,2.576
2019-05-29,2.632,2.574,2.606
2019-05-30,2.616,2.523,2.546
2019-05-31,2.56,2.434,2.452
2019-06-01,2.51,2.4290000000000003,2.4530000000000003
2019-06-02,2.46,2.424,2.454
2019-06-03,2.462,2.374,2.405
2019-06-04,2.43,2.374,2.408
2019-06-05,2.414,2.348,2.366
2019-06-06,2.382,2.297,2.33
2019-06-07,2.346,2.299,2.332
2019-06-08,2.34,2.31,2.3289999999999997
2019-06-09,2.334,2.321,2.326
2019-06-10,2.36,2.318,2.36
2019-06-11,2.4,2.329,2.398
2019-06-12,2.398,2.361,2.37
2019-06-13,2.373,2.316,2.332
2019-06-14,2.393,2.32,2.383
2019-06-15,2.4025,2.352,2.3895
2019-06-16,2.412,2.384,2.396
2019-06-17,2.404,2.353,2.372
2019-06-18,2.401,2.315,2.33
2019-06-19,2.354,2.268,2.28
2019-06-20,2.3,2.156,2.206
2019-06-21,2.219,2.18,2.197
2019-06-22,2.2165,2.188,2.2015000000000002
2019-06-23,2.214,2.196,2.206
2019-06-24,2.316,2.204,2.298
2019-06-25,2.314,2.253,2.29
2019-06-26,2.322,2.273,2.286
2019-06-27,2.356,2.282,2.344
2019-06-28,2.381,2.317,2.328
2019-06-29,2.3635,2.3205,2.331
2019-06-30,2.346,2.324,2.334
2019-07-01,2.336,2.232,2.279
2019-07-02,2.31,2.246,2.259
2019-07-03,2.31,2.256,2.3
2019-07-04,2.314,2.277,2.298
2019-07-05,2.46,2.297,2.412
2019-07-06,2.4690000000000003,2.364,2.4299999999999997
2019-07-07,2.478,2.431,2.448
2019-07-08,2.448,2.382,2.41
2019-07-09,2.449,2.37,2.438
2019-07-10,2.5,2.426,2.464
2019-07-11,2.497,2.404,2.415
2019-07-12,2.49,2.408,2.468
2019-07-13,2.4825,2.4210000000000003,2.459
2019-07-14,2.475,2.434,2.45
2019-07-15,2.453,2.392,2.41
2019-07-16,2.414,2.305,2.326
2019-07-17,2.352,2.297,2.32
2019-07-18,2.36,2.273,2.298
2019-07-19,2.306,2.249,2.26
2019-07-20,2.3040000000000003,2.2495000000000003,2.271
2019-07-21,2.302,2.25,2.282
2019-07-22,2.326,2.269,2.313
2019-07-23,2.33,2.292,2.298
2019-07-24,2.3,2.215,2.232
2019-07-25,2.262,2.222,2.238
2019-07-26,2.238,2.161,2.169
2019-07-27,2.207,2.1645000000000003,2.1685
2019-07-28,2.176,2.168,2.168
2019-07-29,2.175,2.115,2.13
2019-07-30,2.161,2.122,2.153
2019-07-31,2.282,2.138,2.246
2019-08-01,2.344,2.178,2.184
2019-08-02,2.212,2.09,2.154
2019-08-03,2.1565000000000003,2.086,2.125
2019-08-04,2.101,2.082,2.096
2019-08-05,2.118,2.039,2.09
2019-08-06,2.143,2.084,2.113
2019-08-07,2.153,2.083,2.104
2019-08-08,2.163,2.094,2.122
2019-08-09,2.153,2.072,2.134
2019-08-10,2.1475,2.099,2.134
2019-08-11,2.142,2.126,2.134
2019-08-12,2.164,2.103,2.11
2019-08-13,2.18,2.094,2.167
2019-08-14,2.208,2.13,2.17
2019-08-15,2.272,2.144,2.226
2019-08-16,2.226,2.176,2.21
2019-08-17,2.2039999999999997,2.17,2.1950000000000003
2019-08-18,2.182,2.164,2.18
2019-08-19,2.224,2.138,2.206
2019-08-20,2.235,2.192,2.222
2019-08-21,2.24,2.162,2.17
2019-08-22,2.196,2.148,2.15
2019-08-23,2.168,2.124,2.163
2019-08-24,2.1740000000000004,2.1425,2.1704999999999997
2019-08-25,2.18,2.161,2.178
2019-08-26,2.235,2.17,2.226
2019-08-27,2.231,2.172,2.192
2019-08-28,2.266,2.182,2.236
2019-08-29,2.306,2.214,2.282
2019-08-30,2.294,2.253,2.278
2019-08-31,2.291,2.2625,2.275
2019-09-01,2.288,2.272,2.272
2019-09-02,2.34,2.265,2.308
2019-09-03,2.362,2.278,2.342
2019-09-04,2.453,2.337,2.444
2019-09-05,2.462,2.385,2.42
2019-09-06,2.501,2.4,2.487
2019-09-07,2.5134999999999996,2.4515000000000002,2.495
2019-09-08,2.526,2.503,2.503
2019-09-09,2.604,2.492,2.602
2019-09-10,2.644,2.568,2.58
2019-09-11,2.596,2.527,2.536
2019-09-12,2.582,2.51,2.578
2019-09-13,2.634,2.551,2.62
2019-09-14,2.662,2.608,2.645
2019-09-15,2.69,2.665,2.67
2019-09-16,2.696,2.638,2.68
2019-09-17,2.708,2.628,2.66
2019-09-18,2.693,2.603,2.634
2019-09-19,2.636,2.53,2.542
2019-09-20,2.576,2.506,2.532
2019-09-21,2.552,2.501,2.52
2019-09-22,2.528,2.496,2.508
2019-09-23,2.548,2.494,2.536
2019-09-24,2.596,2.496,2.508
2019-09-25,2.516,2.454,2.513
2019-09-26,2.542,2.394,2.42
2019-09-27,2.43,2.363,2.377
2019-09-28,2.402,2.3615,2.3745
2019-09-29,2.374,2.36,2.372
2019-09-30,2.374,2.306,2.306
2019-10-01,2.318,2.256,2.282
2019-10-02,2.289,2.232,2.244
2019-10-03,2.335,2.199,2.322
2019-10-04,2.384,2.25,2.338
2019-10-05,2.352,2.2695,2.318
2019-10-06,2.32,2.289,2.298
2019-10-07,2.33,2.278,2.283
2019-10-08,2.31,2.256,2.288
2019-10-09,2.294,2.22,2.222
2019-10-10,2.264,2.189,2.196
2019-10-11,2.252,2.178,2.214
2019-10-12,2.2634999999999996,2.202,2.243
2019-10-13,2.275,2.226,2.272
2019-10-14,2.304,2.222,2.286
2019-10-15,2.342,2.26,2.34
2019-10-16,2.376,2.272,2.29
2019-10-17,2.358,2.285,2.316
2019-10-18,2.354,2.284,2.352
2019-10-19,2.331,2.2885,2.3274999999999997
2019-10-20,2.308,2.293,2.303
2019-10-21,2.318,2.21,2.24
2019-10-22,2.306,2.228,2.278
2019-10-23,2.302,2.248,2.276
2019-10-24,2.326,2.265,2.316
2019-10-25,2.326,2.285,2.314
2019-10-26,2.3529999999999998,2.3215000000000003,2.3449999999999998
2019-10-27,2.38,2.358,2.376
2019-10-28,2.443,2.361,2.424
2019-10-29,2.558,2.416,2.496
2019-10-30,2.58,2.48,2.556
2019-10-31,2.6,2.478,2.506
2019-11-01,2.586,2.45,2.572
2019-11-02,2.633,2.5540000000000003,2.623
2019-11-03,2.68,2.658,2.674
2019-11-04,2.718,2.664,2.706
2019-11-05,2.782,2.708,2.746
2019-11-06,2.775,2.71,2.717
2019-11-07,2.774,2.65,2.682
2019-11-08,2.72,2.654,2.696
2019-11-09,2.6715,2.6239999999999997,2.652
2019-11-10,2.623,2.594,2.608
2019-11-11,2.629,2.539,2.568
2019-11-12,2.606,2.534,2.55
2019-11-13,2.609,2.503,2.602
2019-11-14,2.628,2.556,2.564
2019-11-15,2.66,2.545,2.616
2019-11-16,2.63,2.5645,2.605
2019-11-17,2.6,2.584,2.594
2019-11-18,2.596,2.49,2.506
2019-11-19,2.518,2.464,2.478
2019-11-20,2.546,2.474,2.54
2019-11-21,2.565,2.496,2.556
2019-11-22,2.648,2.531,2.633
2019-11-23,2.6705,2.5869999999999997,2.6435
2019-11-24,2.693,2.643,2.654
2019-11-25,2.654,2.498,2.512
2019-11-26,2.514,2.44,2.47
2019-11-27,2.497,2.43,2.444
2019-11-28,2.455,2.399,2.414
2019-11-29,2.429,2.221,2.261
2019-11-30,2.3655,2.2405,2.2785
2019-12-01,2.302,2.26,2.296
2019-12-02,2.32,2.244,2.302
2019-12-03,2.461,2.298,2.404
2019-12-04,2.417,2.325,2.366
2019-12-05,2.419,2.353,2.382
2019-12-06,2.396,2.289,2.306
2019-12-07,2.2975,2.2115,2.25
2019-12-08,2.199,2.134,2.194
2019-12-09,2.226,2.168,2.206
2019-12-10,2.258,2.186,2.246
2019-12-11,2.272,2.212,2.23
2019-12-12,2.32,2.218,2.304
2019-12-13,2.31,2.228,2.28
2019-12-14,2.3005,2.2510000000000003,2.285
2019-12-15,2.291,2.274,2.29
2019-12-16,2.354,2.265,2.334
2019-12-17,2.336,2.264,2.304
2019-12-18,2.308,2.242,2.27
2019-12-19,2.282,2.218,2.274
2019-12-20,2.324,2.272,2.31
2019-12-21,2.2889999999999997,2.2560000000000002,2.277
2019-12-22,2.254,2.24,2.244
2019-12-23,2.252,2.205,2.228
2019-12-24,2.231,2.18,2.198
2019-12-25,2.238,2.209,2.238
2019-12-26,2.288,2.234,2.259
2019-12-27,2.266,2.166,2.244
2019-12-28,2.261,2.205,2.247
2019-12-29,2.256,2.244,2.25
2019-12-30,2.252,2.182,2.19
2019-12-31,2.206,2.152,2.182
2020-01-01,2.182,2.166,2.166
2020-01-02,2.188,2.117,2.137
2020-01-03,2.16,2.084,2.116
2020-01-04,2.146,2.0949999999999998,2.123
2020-01-05,2.132,2.106,2.13
2020-01-06,2.173,2.114,2.15
2020-01-07,2.176,2.103,2.153
2020-01-08,2.184,2.115,2.153
2020-01-09,2.17,2.107,2.168
2020-01-10,2.234,2.138,2.206
2020-01-11,2.226,2.159,2.1959999999999997
2020-01-12,2.218,2.18,2.186
2020-01-13,2.224,2.164,2.193
2020-01-14,2.254,2.173,2.184
2020-01-15,2.186,2.106,2.134
2020-01-16,2.169,2.056,2.07
2020-01-17,2.076,1.996,1.996
2020-01-18,2.02,1.893,1.9575
2020-01-19,1.964,1.79,1.919
2020-01-20,1.947,1.896,1.938
2020-01-21,1.956,1.876,1.918
2020-01-22,1.94,1.903,1.922
2020-01-23,1.968,1.911,1.931
2020-01-24,1.931,1.868,1.88
2020-01-25,1.9475,1.8900000000000001,1.919
2020-01-26,1.964,1.912,1.958
2020-01-27,1.96,1.876,1.894
2020-01-28,1.938,1.872,1.927
2020-01-29,1.932,1.87,1.886
2020-01-30,1.896,1.824,1.838
2020-01-31,1.865,1.822,1.852
2020-02-01,1.8725,1.8395000000000001,1.858
2020-02-02,1.88,1.857,1.864
2020-02-03,1.887,1.814,1.832
2020-02-04,1.896,1.818,1.884
2020-02-05,1.892,1.834,1.88
2020-02-06,1.912,1.84,1.88
2020-02-07,1.906,1.85,1.856
2020-02-08,1.861,1.8225,1.83
2020-02-09,1.816,1.795,1.804
2020-02-10,1.809,1.764,1.782
2020-02-11,1.804,1.758,1.8
2020-02-12,1.861,1.796,1.846
2020-02-13,1.874,1.824,1.83
2020-02-14,1.859,1.8,1.852
2020-02-15,1.885,1.8385,1.8780000000000001
2020-02-16,1.911,1.877,1.904
2020-02-17,1.95,1.892,1.932
2020-02-18,1.986,1.929,1.969
2020-02-19,1.992,1.951,1.982
2020-02-20,2.032,1.908,1.912
2020-02-21,1.938,1.882,1.922
2020-02-22,1.9184999999999999,1.883,1.907
2020-02-23,1.899,1.884,1.892
2020-02-24,1.893,1.846,1.86
2020-02-25,1.886,1.84,1.85
2020-02-26,1.894,1.809,1.814
2020-02-27,1.816,1.726,1.748
2020-02-28,1.748,1.649,1.706
2020-02-29,1.726,1.6665,1.705
2020-03-01,1.704,1.684,1.704
2020-03-02,1.79,1.704,1.788
2020-03-03,1.843,1.762,1.812
2020-03-04,1.849,1.79,1.841
2020-03-05,1.851,1.761,1.761
2020-03-06,1.766,1.71,1.733
2020-03-07,1.7205,1.677,1.6915
2020-03-08,1.675,1.644,1.65
2020-03-09,1.858,1.613,1.816
2020-03-10,1.96,1.798,1.95
2020-03-11,2.002,1.864,1.876
2020-03-12,1.882,1.754,1.828
2020-03-13,1.952,1.814,1.892
2020-03-14,1.899,1.8045,1.853
2020-03-15,1.846,1.795,1.814
2020-03-16,1.853,1.782,1.806
2020-03-17,1.822,1.714,1.714
2020-03-18,1.716,1.556,1.654
2020-03-19,1.684,1.604,1.636
2020-03-20,1.701,1.576,1.58
2020-03-21,1.6235,1.55,1.561
2020-03-22,1.546,1.524,1.542
2020-03-23,1.634,1.531,1.611
2020-03-24,1.684,1.592,1.674
2020-03-25,1.714,1.634,1.659
2020-03-26,1.678,1.612,1.637
2020-03-27,1.648,1.59,1.615
2020-03-28,1.6135,1.5755,1.5885
2020-03-29,1.579,1.561,1.562
2020-03-30,1.653,1.56,1.644
2020-03-31,1.676,1.586,1.598
2020-04-01,1.626,1.532,1.542
2020-04-02,1.576,1.477,1.514
2020-04-03,1.612,1.488,1.604
2020-04-04,1.6110000000000002,1.538,1.602
2020-04-05,1.61,1.588,1.6
2020-04-06,1.736,1.592,1.73
2020-04-07,1.867,1.709,1.844
2020-04-08,1.855,1.732,1.758
2020-04-09,1.779,1.685,1.71
2020-04-10,1.7673333333333332,1.6893333333333334,1.7186666666666666
2020-04-11,1.7556666666666667,1.6936666666666667,1.7273333333333334
2020-04-12,1.744,1.698,1.736
2020-04-13,1.782,1.671,1.704
2020-04-14,1.706,1.608,1.612
2020-04-15,1.642,1.558,1.56
2020-04-16,1.696,1.536,1.689
2020-04-17,1.783,1.64,1.738
2020-04-18,1.7865,1.696,1.7485
2020-04-19,1.79,1.752,1.759
2020-04-20,1.952,1.687,1.934
2020-04-21,1.956,1.778,1.829
2020-04-22,1.912,1.774,1.892
2020-04-23,1.906,1.782,1.796
2020-04-24,1.838,1.726,1.736
2020-04-25,1.794,1.725,1.737
2020-04-26,1.75,1.724,1.738
2020-04-27,1.805,1.643,1.793
2020-04-28,1.883,1.758,1.824
2020-04-29,1.844,1.741,1.756
2020-04-30,1.831,1.711,1.819
2020-05-01,1.894,1.76,1.769
2020-05-02,1.884,1.798,1.8035
2020-05-03,1.874,1.836,1.838
2020-05-04,1.952,1.83,1.952
2020-05-05,2.052,1.95,1.994
2020-05-06,1.995,1.836,1.853
2020-05-07,1.896,1.8,1.829
2020-05-08,1.837,1.733,1.746
2020-05-09,1.8054999999999999,1.7395,1.7570000000000001
2020-05-10,1.774,1.746,1.768
2020-05-11,1.818,1.737,1.76
2020-05-12,1.781,1.642,1.649
2020-05-13,1.676,1.562,1.59
2020-05-14,1.644,1.578,1.614
2020-05-15,1.642,1.56,1.565
2020-05-16,1.644,1.5910000000000002,1.5985
2020-05-17,1.646,1.622,1.632
2020-05-18,1.748,1.629,1.7
2020-05-19,1.759,1.687,1.709
2020-05-20,1.763,1.644,1.66
2020-05-21,1.664,1.604,1.634
2020-05-22,1.672,1.608,1.66
2020-05-23,1.673,1.6280000000000001,1.656
2020-05-24,1.674,1.648,1.652
2020-05-25,1.674,1.636,1.658
2020-05-26,1.738,1.648,1.724
2020-05-27,1.769,1.67,1.678
2020-05-28,1.702,1.628,1.646
2020-05-29,1.68,1.589,1.66
2020-05-30,1.68,1.6055000000000001,1.6469999999999998
2020-05-31,1.68,1.622,1.634
2020-06-01,1.662,1.588,1.63
2020-06-02,1.646,1.606,1.628
2020-06-03,1.708,1.628,1.671
2020-06-04,1.706,1.654,1.684
2020-06-05,1.722,1.645,1.666
2020-06-06,1.7069999999999999,1.6404999999999998,1.6575
2020-06-07,1.692,1.636,1.649
2020-06-08,1.705,1.635,1.7
2020-06-09,1.714,1.574,1.632
2020-06-10,1.702,1.62,1.692
2020-06-11,1.734,1.669,1.72
2020-06-12,1.72,1.641,1.656
2020-06-13,1.702,1.6555,1.664
2020-06-14,1.684,1.67,1.672
2020-06-15,1.674,1.593,1.602
2020-06-16,1.621,1.538,1.556
2020-06-17,1.591,1.544,1.579
2020-06-18,1.606,1.564,1.589
2020-06-19,1.626,1.58,1.61
2020-06-20,1.6305,1.6,1.6219999999999999
2020-06-21,1.635,1.62,1.634
2020-06-22,1.654,1.594,1.602
2020-06-23,1.605,1.546,1.566
2020-06-24,1.593,1.536,1.54
2020-06-25,1.54,1.414,1.43
2020-06-26,1.464,1.417,1.444
2020-06-27,1.4769999999999999,1.4395,1.4655
2020-06-28,1.49,1.462,1.487
2020-06-29,1.646,1.486,1.614
2020-06-30,1.678,1.588,1.622
2020-07-01,1.628,1.562,1.597
2020-07-02,1.644,1.58,1.63
2020-07-03,1.658,1.622,1.656
2020-07-04,1.664,1.6365,1.6629999999999998
2020-07-05,1.67,1.651,1.67
2020-07-06,1.786,1.661,1.786
2020-07-07,1.837,1.758,1.796
2020-07-08,1.796,1.731,1.752
2020-07-09,1.813,1.701,1.712
2020-07-10,1.762,1.669,1.749
2020-07-11,1.7465000000000002,1.6875,1.7315
2020-07-12,1.731,1.706,1.714
2020-07-13,1.755,1.666,1.668
2020-07-14,1.716,1.654,1.7
2020-07-15,1.74,1.677,1.736
2020-07-16,1.758,1.657,1.678
2020-07-17,1.706,1.649,1.664
2020-07-18,1.6869999999999998,1.6505,1.662
2020-07-19,1.668,1.652,1.66
2020-07-20,1.674,1.574,1.617
2020-07-21,1.653,1.594,1.638
2020-07-22,1.674,1.6,1.665
2020-07-23,1.782,1.655,1.758
2020-07-24,1.801,1.725,1.788
2020-07-25,1.7925,1.744,1.783
2020-07-26,1.784,1.763,1.778
2020-07-27,1.795,1.707,1.728
2020-07-28,1.805,1.719,1.794
2020-07-29,1.875,1.766,1.858
2020-07-30,1.859,1.762,1.788
2020-07-31,1.805,1.728,1.762
2020-08-01,1.8175,1.7665,1.7845
2020-08-02,1.83,1.805,1.807
2020-08-03,2.096,1.802,2.084
2020-08-04,2.14,2.003,2.122
2020-08-05,2.204,2.11,2.165
2020-08-06,2.228,2.086,2.108
2020-08-07,2.206,2.092,2.204
2020-08-08,2.2110000000000003,2.138,2.205
2020-08-09,2.216,2.184,2.206
2020-08-10,2.231,2.078,2.116
2020-08-11,2.188,2.102,2.104
2020-08-12,2.128,2.051,2.12
2020-08-13,2.169,2.106,2.142
2020-08-14,2.342,2.138,2.307
2020-08-15,2.351,2.237,2.3225
2020-08-16,2.36,2.336,2.338
2020-08-17,2.358,2.276,2.321
2020-08-18,2.44,2.281,2.404
2020-08-19,2.43,2.353,2.411
2020-08-20,2.418,2.328,2.352
2020-08-21,2.45,2.265,2.42
2020-08-22,2.4465000000000003,2.3255,2.4055
2020-08-23,2.443,2.386,2.391
2020-08-24,2.548,2.38,2.518
2020-08-25,2.54,2.466,2.475
2020-08-26,2.548,2.42,2.431
2020-08-27,2.612,2.396,2.588
2020-08-28,2.64,2.526,2.557
2020-08-29,2.5985,2.532,2.5525
2020-08-30,2.557,2.538,2.548
2020-08-31,2.564,2.414,2.556
2020-09-01,2.588,2.424,2.436
2020-09-02,2.497,2.341,2.407
2020-09-03,2.49,2.382,2.404
2020-09-04,2.532,2.364,2.504
2020-09-05,2.5229999999999997,2.425,2.499
2020-09-06,2.514,2.486,2.494
2020-09-07,2.502,2.43,2.479
2020-09-08,2.51,2.3,2.311
2020-09-09,2.423,2.274,2.338
2020-09-10,2.353,2.257,2.264
2020-09-11,2.285,2.201,2.204
2020-09-12,2.2824999999999998,2.2275,2.238
2020-09-13,2.28,2.254,2.272
2020-09-14,2.357,2.244,2.26
2020-09-15,2.346,2.239,2.327
2020-09-16,2.352,2.201,2.229
2020-09-17,2.243,1.902,1.947
2020-09-18,2.05,1.918,2.033
2020-09-19,2.032,1.946,2.0205
2020-09-20,2.014,1.974,2.008
2020-09-21,2.018,1.78,1.86
2020-09-22,1.882,1.796,1.824
2020-09-23,2.108,1.803,2.09
2020-09-24,2.187,2.071,2.148
2020-09-25,2.19,2.102,2.114
2020-09-26,2.168,2.115,2.1295
2020-09-27,2.146,2.128,2.145
2020-09-28,2.171,2.087,2.156
2020-09-29,2.159,1.942,1.956
2020-09-30,2.024,1.904,2.014
2020-10-01,2.05,1.935,1.973
2020-10-02,2.038,1.895,1.954
2020-10-03,2.037,1.9445000000000001,1.9929999999999999
2020-10-04,2.036,1.994,2.032
2020-10-05,2.235,2.029,2.174
2020-10-06,2.231,2.066,2.086
2020-10-07,2.239,2.085,2.185
2020-10-08,2.232,2.11,2.216
2020-10-09,2.392,2.214,2.348
2020-10-10,2.474,2.354,2.436
2020-10-11,2.556,2.494,2.524
2020-10-12,2.548,2.45,2.456
2020-10-13,2.534,2.388,2.394
2020-10-14,2.423,2.314,2.364
2020-10-15,2.525,2.353,2.498
2020-10-16,2.566,2.408,2.424
2020-10-17,2.529,2.4154999999999998,2.452
2020-10-18,2.492,2.423,2.48
2020-10-19,2.674,2.451,2.636
2020-10-20,2.749,2.634,2.722
2020-10-21,2.866,2.72,2.843
2020-10-22,2.906,2.822,2.834
2020-10-23,2.87,2.785,2.808
2020-10-24,2.875,2.8015,2.84
2020-10-25,2.88,2.818,2.872
2020-10-26,2.944,2.861,2.907
2020-10-27,2.994,2.853,2.966
2020-10-28,2.99,2.94,2.96
2020-10-29,3.026,2.848,3.007
2020-10-30,3.081,2.954,3.076
2020-10-31,3.0895,3.0060000000000002,3.0765000000000002
2020-11-01,3.098,3.058,3.077
2020-11-02,3.082,2.944,2.952
2020-11-03,2.957,2.8,2.822
2020-11-04,2.85,2.772,2.84
2020-11-05,2.884,2.714,2.734
2020-11-06,2.762,2.666,2.694
2020-11-07,2.724,2.661,2.686
2020-11-08,2.686,2.656,2.678
2020-11-09,2.752,2.666,2.706
2020-11-10,2.842,2.694,2.783
2020-11-11,2.896,2.756,2.864
2020-11-12,2.907,2.798,2.814
2020-11-13,2.942,2.812,2.838
2020-11-14,2.8585000000000003,2.7800000000000002,2.802
2020-11-15,2.775,2.748,2.766
2020-11-16,2.771,2.582,2.605
2020-11-17,2.64,2.563,2.612
2020-11-18,2.698,2.606,2.644
2020-11-19,2.668,2.462,2.554
2020-11-20,2.618,2.52,2.603
2020-11-21,2.635,2.576,2.6189999999999998
2020-11-22,2.652,2.632,2.635
2020-11-23,2.671,2.594,2.649
2020-11-24,2.742,2.635,2.74
2020-11-25,2.832,2.678,2.766
2020-11-26,2.784,2.746,2.775
2020-11-27,2.802,2.678,2.696
2020-11-28,2.7750000000000004,2.6814999999999998,2.7185
2020-11-29,2.748,2.685,2.741
2020-11-30,2.85,2.722,2.812
2020-12-01,2.829,2.702,2.734
2020-12-02,2.8,2.608,2.628
2020-12-03,2.643,2.378,2.414
2020-12-04,2.514,2.357,2.446
2020-12-05,2.4509999999999996,2.3555,2.4130000000000003
2020-12-06,2.388,2.354,2.38
2020-12-07,2.381,2.293,2.362
2020-12-08,2.389,2.285,2.362
2020-12-09,2.437,2.342,2.35
2020-12-10,2.508,2.304,2.472
2020-12-11,2.55,2.448,2.52
2020-12-12,2.5765000000000002,2.5135,2.5540000000000003
2020-12-13,2.603,2.579,2.588
2020-12-14,2.637,2.546,2.612
2020-12-15,2.635,2.534,2.608
2020-12-16,2.654,2.558,2.648
2020-12-17,2.664,2.554,2.617
2020-12-18,2.668,2.597,2.658
2020-12-19,2.6775,2.6285,2.66
2020-12-20,2.687,2.66,2.662
2020-12-21,2.68,2.595,2.666
2020-12-22,2.772,2.656,2.728
2020-12-23,2.762,2.539,2.58
2020-12-24,2.61,2.503,2.526
2020-12-25,2.5206666666666666,2.427,2.4556666666666667
2020-12-26,2.4313333333333333,2.351,2.385333333333333
2020-12-27,2.342,2.275,2.315
2020-12-28,2.362,2.26,2.342
2020-12-29,2.482,2.303,2.404
2020-12-30,2.468,2.384,2.428
2020-12-31,2.542,2.427,2.541
2021-01-01,2.5749999999999997,2.488,2.573
2021-01-02,2.608,2.549,2.605
2021-01-03,2.641,2.61,2.637
2021-01-04,2.666,2.563,2.604
2021-01-05,2.727,2.602,2.678
2021-01-06,2.766,2.604,2.704
2021-01-07,2.751,2.659,2.696
2021-01-08,2.727,2.624,2.693
2021-01-09,2.6825,2.615,2.6645000000000003
2021-01-10,2.638,2.606,2.636
2021-01-11,2.816,2.587,2.79
2021-01-12,2.896,2.717,2.738
2021-01-13,2.823,2.706,2.754
2021-01-14,2.785,2.649,2.67
2021-01-15,2.798,2.635,2.75
2021-01-16,2.7270000000000003,2.634,2.7
2021-01-17,2.656,2.633,2.65
2021-01-18,2.655,2.571,2.65
2021-01-19,2.671,2.522,2.556
2021-01-20,2.563,2.454,2.54
2021-01-21,2.548,2.46,2.501
2021-01-22,2.502,2.427,2.458
2021-01-23,2.5175,2.4715,2.49
2021-01-24,2.533,2.516,2.522
2021-01-25,2.61,2.499,2.603
2021-01-26,2.663,2.591,2.628
2021-01-27,2.742,2.622,2.674
2021-01-28,2.701,2.594,2.686
2021-01-29,2.711,2.556,2.556
2021-01-30,2.7305,2.635,2.6390000000000002
2021-01-31,2.75,2.714,2.722
2021-02-01,2.868,2.712,2.839
2021-02-02,3.004,2.806,2.808
2021-02-03,2.894,2.749,2.77
2021-02-04,2.977,2.736,2.966
2021-02-05,3.056,2.852,2.882
2021-02-06,2.9859999999999998,2.87,2.894
2021-02-07,2.916,2.888,2.906
2021-02-08,2.985,2.845,2.92
2021-02-09,2.926,2.789,2.82
2021-02-10,3.0,2.742,2.986
2021-02-11,3.046,2.841,2.861
2021-02-12,2.986,2.836,2.896
2021-02-13,3.013,2.9219999999999997,2.9619999999999997
2021-02-14,3.04,3.008,3.028
2021-02-15,3.094,2.976,3.064
2021-02-16,3.212,3.014,3.098
2021-02-17,3.315,3.051,3.275
2021-02-18,3.298,3.024,3.038
2021-02-19,3.144,3.027,3.102
2021-02-20,3.109,3.0375,3.0789999999999997
2021-02-21,3.074,3.048,3.056
2021-02-22,3.066,2.973,3.026
2021-02-23,3.038,2.944,2.959
2021-02-24,2.962,2.888,2.895
2021-02-25,2.95,2.85,2.854
2021-02-26,2.876,2.788,2.863
2021-02-27,2.8845,2.8289999999999997,2.8775
2021-02-28,2.893,2.87,2.892
2021-03-01,2.892,2.805,2.86
2021-03-02,2.937,2.837,2.927
2021-03-03,2.965,2.873,2.874
2021-03-04,2.901,2.759,2.806
2021-03-05,2.824,2.749,2.764
2021-03-06,2.796,2.749,2.7649999999999997
2021-03-07,2.768,2.749,2.766
2021-03-08,2.794,2.682,2.716
2021-03-09,2.747,2.68,2.709
2021-03-10,2.76,2.67,2.736
2021-03-11,2.766,2.686,2.722
2021-03-12,2.74,2.63,2.645
2021-03-13,2.67,2.6025,2.6189999999999998
2021-03-14,2.6,2.575,2.593
2021-03-15,2.6,2.515,2.528
2021-03-16,2.6,2.515,2.596
2021-03-17,2.597,2.522,2.552
2021-03-18,2.554,2.452,2.513
2021-03-19,2.579,2.482,2.573
2021-03-20,2.5605,2.502,2.5525
2021-03-21,2.542,2.522,2.532
2021-03-22,2.61,2.496,2.597
2021-03-23,2.596,2.519,2.532
2021-03-24,2.558,2.496,2.506
2021-03-25,2.592,2.491,2.582
2021-03-26,2.604,2.57,2.588
2021-03-27,2.6075,2.5785,2.598
2021-03-28,2.611,2.587,2.608
2021-03-29,2.622,2.551,2.614
2021-03-30,2.655,2.566,2.589
2021-03-31,2.624,2.547,2.572
2021-04-01,2.632,2.55,2.6
2021-04-02,2.6176666666666666,2.5576666666666665,2.594666666666667
2021-04-03,2.6033333333333335,2.5653333333333332,2.5893333333333333
2021-04-04,2.589,2.573,2.584
2021-04-05,2.586,2.466,2.491
2021-04-06,2.544,2.432,2.442
2021-04-07,2.524,2.436,2.49
2021-04-08,2.512,2.458,2.501
2021-04-09,2.532,2.484,2.5
2021-04-10,2.5385,2.501,2.519
2021-04-11,2.545,2.518,2.538
2021-04-12,2.586,2.514,2.536
2021-04-13,2.62,2.514,2.609
2021-04-14,2.648,2.595,2.602
2021-04-15,2.668,2.57,2.65
2021-04-16,2.684,2.646,2.672
2021-04-17,2.6895,2.665,2.683
2021-04-18,2.695,2.684,2.694
2021-04-19,2.74,2.686,2.734
2021-04-20,2.747,2.71,2.712
2021-04-21,2.715,2.658,2.694
2021-04-22,2.77,2.65,2.744
2021-04-23,2.756,2.718,2.718
2021-04-24,2.7439999999999998,2.7190000000000003,2.7215
2021-04-25,2.732,2.72,2.725
2021-04-26,2.802,2.696,2.798
2021-04-27,2.866,2.786,2.857
2021-04-28,2.908,2.852,2.872
2021-04-29,2.894,2.809,2.832
2021-04-30,2.889,2.82,2.866
2021-05-01,2.8905,2.8419999999999996,2.871
2021-05-02,2.892,2.864,2.876
2021-05-03,2.909,2.837,2.896
2021-05-04,2.937,2.872,2.915
2021-05-05,2.93,2.856,2.888
2021-05-06,2.913,2.853,2.876
2021-05-07,2.933,2.853,2.918
2021-05-08,2.9265,2.8805,2.9145000000000003
2021-05-09,2.92,2.908,2.911
2021-05-10,2.921,2.854,2.87
2021-05-11,2.926,2.84,2.907
2021-05-12,2.946,2.886,2.944
2021-05-13,2.96,2.9,2.946
2021-05-14,2.981,2.912,2.938
2021-05-15,2.9995,2.9530000000000003,2.975
2021-05-16,3.018,2.994,3.012
2021-05-17,3.122,2.998,3.096
2021-05-18,3.108,2.98,2.982
2021-05-19,2.983,2.92,2.934
2021-05-20,2.966,2.89,2.939
2021-05-21,2.967,2.88,2.892
2021-05-22,2.9095,2.8565,2.872
2021-05-23,2.852,2.833,2.852
2021-05-24,2.889,2.829,2.884
2021-05-25,2.926,2.878,2.919
2021-05-26,2.973,2.904,2.946
2021-05-27,2.951,2.848,2.896
2021-05-28,2.97,2.888,2.944
2021-05-29,2.975,2.927,2.958
2021-05-30,2.98,2.966,2.972
2021-05-31,2.996,2.952,2.992
2021-06-01,3.086,2.984,3.028
2021-06-02,3.064,2.992,3.018
2021-06-03,3.031,2.976,3.01
2021-06-04,3.064,2.959,3.042
2021-06-05,3.0629999999999997,3.0025,3.051
2021-06-06,3.062,3.046,3.06
2021-06-07,3.062,2.986,3.061
2021-06-08,3.15,3.048,3.08
2021-06-09,3.122,3.063,3.113
2021-06-10,3.184,3.09,3.184
2021-06-11,3.286,3.182,3.242
2021-06-12,3.2824999999999998,3.223,3.253
2021-06-13,3.279,3.264,3.264
2021-06-14,3.33,3.24,3.322
2021-06-15,3.334,3.176,3.178
2021-06-16,3.243,3.158,3.221
2021-06-17,3.234,3.162,3.173
2021-06-18,3.232,3.142,3.208
2021-06-19,3.2135,3.16,3.1945
2021-06-20,3.195,3.178,3.181
2021-06-21,3.192,3.122,3.182
2021-06-22,3.264,3.174,3.251
2021-06-23,3.37,3.238,3.306
2021-06-24,3.429,3.29,3.412
2021-06-25,3.505,3.4,3.504
2021-06-26,3.4985,3.439,3.492
2021-06-27,3.492,3.478,3.48
2021-06-28,3.622,3.48,3.56
2021-06-29,3.782,3.544,3.626
2021-06-30,3.786,3.579,3.693
2021-07-01,3.732,3.567,3.644
2021-07-02,3.715,3.574,3.674
2021-07-03,3.7075,3.618,3.6855
2021-07-04,3.7,3.662,3.697
2021-07-05,3.775,3.686,3.767
2021-07-06,3.799,3.588,3.649
2021-07-07,3.684,3.503,3.558
2021-07-08,3.7,3.522,3.667
2021-07-09,3.723,3.64,3.66
2021-07-10,3.6925,3.641,3.651
2021-07-11,3.662,3.642,3.642
2021-07-12,3.747,3.607,3.745
2021-07-13,3.751,3.66,3.677
2021-07-14,3.742,3.611,3.656
2021-07-15,3.672,3.594,3.604
2021-07-16,3.676,3.574,3.668
2021-07-17,3.691,3.634,3.6870000000000003
2021-07-18,3.706,3.694,3.706
2021-07-19,3.778,3.678,3.751
2021-07-20,3.932,3.732,3.924
2021-07-21,3.957,3.87,3.872
2021-07-22,4.0,3.872,3.991
2021-07-23,4.065,3.97,4.038
2021-07-24,4.0445,3.987,4.0280000000000005
2021-07-25,4.024,4.004,4.018
2021-07-26,4.179,4.015,4.095
2021-07-27,4.107,3.92,3.936
2021-07-28,4.036,3.849,3.963
2021-07-29,4.107,3.94,4.036
2021-07-30,4.038,3.868,3.926
2021-07-31,4.015000000000001,3.917,3.9525
2021-08-01,3.992,3.966,3.979
2021-08-02,4.051,3.94,3.987
2021-08-03,4.087,3.925,4.08
2021-08-04,4.216,4.066,4.158
2021-08-05,4.214,4.126,4.164
2021-08-06,4.2,4.109,4.144
2021-08-07,4.1955,4.1395,4.16
2021-08-08,4.191,4.17,4.176
2021-08-09,4.189,4.01,4.054
2021-08-10,4.133,4.024,4.124
2021-08-11,4.135,3.988,4.058
2021-08-12,4.072,3.908,3.922
2021-08-13,3.957,3.853,3.856
2021-08-14,3.9095,3.8405,3.847
2021-08-15,3.862,3.828,3.838
2021-08-16,3.991,3.821,3.952
2021-08-17,3.954,3.807,3.831
2021-08-18,3.878,3.793,3.826
2021-08-19,3.885,3.738,3.866
2021-08-20,3.954,3.838,3.842
2021-08-21,3.91,3.84,3.8520000000000003
2021-08-22,3.866,3.842,3.862
2021-08-23,3.956,3.86,3.934
2021-08-24,3.975,3.889,3.903
2021-08-25,4.008,3.865,3.932
2021-08-26,4.237,3.92,4.228
2021-08-27,4.402,4.208,4.399
2021-08-28,4.4544999999999995,4.322,4.4285
2021-08-29,4.507,4.436,4.458
2021-08-30,4.462,4.212,4.301
2021-08-31,4.405,4.204,4.391
2021-09-01,4.692,4.385,4.601
2021-09-02,4.713,4.566,4.582
2021-09-03,4.706,4.576,4.684
2021-09-04,4.718500000000001,4.633,4.699
2021-09-05,4.731,4.69,4.714
2021-09-06,4.764,4.656,4.683
2021-09-07,4.694,4.548,4.594
2021-09-08,5.0,4.591,4.908
2021-09-09,5.035,4.812,4.997
2021-09-10,5.048,4.904,4.948
2021-09-11,4.9864999999999995,4.888,4.9295
2021-09-12,4.925,4.872,4.911
2021-09-13,5.282,4.897,5.198
2021-09-14,5.36,5.165,5.268
2021-09-15,5.643,5.26,5.374
2021-09-16,5.592,5.222,5.283
2021-09-17,5.388,5.04,5.052
2021-09-18,5.201499999999999,4.979,5.008
2021-09-19,5.015,4.918,4.964
2021-09-20,5.165,4.902,4.95
2021-09-21,5.043,4.732,4.8
2021-09-22,4.896,4.742,4.768
2021-09-23,5.055,4.74,5.05
2021-09-24,5.176,4.983,5.172
2021-09-25,5.2330000000000005,5.08,5.226
2021-09-26,5.29,5.177,5.28
2021-09-27,5.954,5.279,5.912
2021-09-28,6.245,5.588,5.869
2021-09-29,5.889,5.287,5.336
2021-09-30,5.948,5.33,5.872
2021-10-01,5.948,5.48,5.493
2021-10-02,5.835000000000001,5.53,5.586
2021-10-03,5.722,5.58,5.679
2021-10-04,6.01,5.614,5.796
2021-10-05,6.338,5.74,6.278
2021-10-06,6.412,5.618,5.739
2021-10-07,5.786,5.352,5.724
2021-10-08,5.832,5.509,5.561
2021-10-09,5.765000000000001,5.572,5.6055
2021-10-10,5.698,5.635,5.65
2021-10-11,5.764,5.279,5.33
2021-10-12,5.491,5.138,5.41
2021-10-13,5.662,5.322,5.64
2021-10-14,5.931,5.576,5.598
2021-10-15,5.76,5.376,5.397
2021-10-16,5.526,5.292,5.311
2021-10-17,5.292,5.208,5.225
2021-10-18,5.35,4.938,4.97
2021-10-19,5.083,4.809,5.05
2021-10-20,5.207,4.9,5.164
2021-10-21,5.214,4.994,5.162
2021-10-22,5.367,5.11,5.274
2021-10-23,5.449,5.274,5.3945
2021-10-24,5.531,5.438,5.515
2021-10-25,5.97,5.476,5.958
2021-10-26,6.006,5.528,5.74
2021-10-27,6.064,5.684,5.906
2021-10-28,5.994,5.524,5.536
2021-10-29,5.646,5.228,5.381
2021-10-30,5.457,5.178,5.3185
2021-10-31,5.268,5.128,5.256
2021-11-01,5.335,4.97,5.077
2021-11-02,5.435,5.06,5.386
2021-11-03,5.72,5.32,5.658
2021-11-04,5.701,5.396,5.594
2021-11-05,5.615,5.368,5.486
2021-11-06,5.548500000000001,5.3825,5.452
2021-11-07,5.482,5.397,5.418
2021-11-08,5.541,5.268,5.316
2021-11-09,5.355,4.814,4.925
2021-11-10,4.948,4.637,4.834
2021-11-11,5.086,4.8,5.026
2021-11-12,5.052,4.674,4.702
2021-11-13,4.955,4.7379999999999995,4.768
2021-11-14,4.858,4.802,4.834
2021-11-15,5.0,4.65,4.966
2021-11-16,5.33,4.961,5.072
2021-11-17,5.106,4.752,4.784
2021-11-18,4.982,4.786,4.88
2021-11-19,5.113,4.796,5.035
2021-11-20,5.074,4.845000000000001,4.9735
2021-11-21,5.035,4.894,4.912
2021-11-22,4.93,4.626,4.818
2021-11-23,5.057,4.737,4.906
2021-11-24,5.114,4.858,5.042
2021-11-25,5.049,4.94,5.001
2021-11-26,5.426,4.997,5.404
2021-11-27,5.2275,4.991,5.208
2021-11-28,5.029,4.985,5.012
2021-11-29,5.077,4.746,4.804
2021-11-30,4.808,4.418,4.547
2021-12-01,4.598,4.161,4.249
2021-12-02,4.274,3.988,4.046
2021-12-03,4.228,4.014,4.041
2021-12-04,4.026,3.894,3.9275
2021-12-05,3.824,3.774,3.814
2021-12-06,3.838,3.59,3.667
2021-12-07,3.786,3.618,3.705
2021-12-08,3.886,3.705,3.794
2021-12-09,3.885,3.688,3.735
2021-12-10,3.926,3.734,3.852
2021-12-11,3.9450000000000003,3.834,3.902
2021-12-12,3.964,3.934,3.952
2021-12-13,4.051,3.74,3.78
2021-12-14,3.81,3.658,3.778
2021-12-15,3.896,3.739,3.798
2021-12-16,3.95,3.706,3.765
2021-12-17,3.79,3.596,3.65
2021-12-18,3.747,3.612,3.668
2021-12-19,3.704,3.628,3.686
2021-12-20,3.904,3.658,3.814
2021-12-21,3.93,3.703,3.853
2021-12-22,4.026,3.804,3.952
2021-12-23,3.992,3.588,3.719
2021-12-24,3.985333333333333,3.701,3.791
2021-12-25,3.978666666666667,3.814,3.863
2021-12-26,3.972,3.927,3.935
2021-12-27,4.109,3.76,4.1
2021-12-28,4.159,3.924,4.026
2021-12-29,4.2,3.93,3.984
2021-12-30,4.082,3.64,3.713
2021-12-31,3.898,3.674,3.864
2022-01-01,3.855,3.721,3.8365
2022-01-02,3.812,3.768,3.809
2022-01-03,3.954,3.73,3.915
2022-01-04,4.038,3.799,3.842
2022-01-05,3.986,3.805,3.932
2022-01-06,4.018,3.888,3.936
2022-01-07,4.062,3.881,4.017
2022-01-08,4.154,4.0395,4.112500000000001
2022-01-09,4.246,4.198,4.208
2022-01-10,4.287,4.048,4.204
2022-01-11,4.33,4.076,4.286
2022-01-12,4.954,4.253,4.899
2022-01-13,4.913,4.306,4.352
2022-01-14,4.367,4.155,4.282
2022-01-15,4.3835,4.2605,4.3309999999999995
2022-01-16,4.4,4.366,4.38
2022-01-17,4.401,4.261,4.307
2022-01-18,4.426,4.271,4.389
2022-01-19,4.399,4.024,4.034
2022-01-20,4.069,3.81,3.88
2022-01-21,4.056,3.869,3.976
2022-01-22,4.006,3.8835,3.963
2022-01-23,3.956,3.898,3.95
2022-01-24,4.124,3.914,3.994
2022-01-25,4.123,3.96,4.084
2022-01-26,4.406,4.054,4.206
2022-01-27,4.634,4.19,4.527
2022-01-28,5.106,4.497,4.91
2022-01-29,5.188,4.807,5.0649999999999995
2022-01-30,5.27,5.117,5.22
2022-01-31,5.266,4.892,5.142
2022-02-01,5.175,4.808,5.059
2022-02-02,5.784,5.055,5.52
2022-02-03,5.595,4.994,5.141
2022-02-04,5.268,4.642,4.71
2022-02-05,4.898,4.537000000000001,4.6105
2022-02-06,4.528,4.432,4.511
2022-02-07,4.602,4.242,4.396
2022-02-08,4.503,4.292,4.344
2022-02-09,4.372,4.087,4.14
2022-02-10,4.146,3.976,4.064
2022-02-11,4.15,3.964,4.084
2022-02-12,4.1690000000000005,4.055,4.13
2022-02-13,4.188,4.146,4.176
2022-02-14,4.3,4.112,4.244
2022-02-15,4.497,4.244,4.46
2022-02-16,4.805,4.448,4.705
2022-02-17,4.856,4.458,4.563
2022-02-18,4.703,4.42,4.517
2022-02-19,4.716,4.523,4.6085
2022-02-20,4.729,4.626,4.7
2022-02-21,4.869,4.638,4.798
2022-02-22,4.834,4.521,4.604
2022-02-23,4.8,4.548,4.746
2022-02-24,5.056,4.665,4.765
2022-02-25,4.818,4.519,4.582
2022-02-26,4.7935,4.6015,4.6355
2022-02-27,4.769,4.684,4.689
2022-02-28,4.74,4.46,4.506
2022-03-01,4.749,4.43,4.699
2022-03-02,5.005,4.697,4.928
2022-03-03,5.029,4.716,4.949
2022-03-04,5.136,4.85,5.006
2022-03-05,5.156000000000001,4.952999999999999,5.078
2022-03-06,5.176,5.056,5.15
2022-03-07,5.266,4.858,4.886
2022-03-08,4.892,4.578,4.662
2022-03-09,4.684,4.514,4.594
2022-03-10,4.74,4.564,4.722
2022-03-11,4.859,4.687,4.832
2022-03-12,4.835,4.7225,4.798
2022-03-13,4.811,4.758,4.764
2022-03-14,4.764,4.558,4.697
2022-03-15,4.704,4.505,4.652
2022-03-16,4.821,4.645,4.79
2022-03-17,5.044,4.734,4.975
2022-03-18,4.998,4.852,4.936
2022-03-19,4.979,4.8845,4.9465
2022-03-20,4.96,4.917,4.957
2022-03-21,5.004,4.777,4.981
2022-03-22,5.229,4.904,5.192
2022-03-23,5.354,5.114,5.148
2022-03-24,5.481,5.088,5.466
2022-03-25,5.592,5.362,5.557
2022-03-26,5.638,5.452,5.609
2022-03-27,5.684,5.542,5.661
2022-03-28,5.662,5.43,5.455
2022-03-29,5.502,5.286,5.309
2022-03-30,5.602,5.25,5.556
2022-03-31,5.808,5.436,5.646
2022-04-01,5.758,5.486,5.705
2022-04-02,5.741,5.573,5.7105
2022-04-03,5.724,5.66,5.716
2022-04-04,5.838,5.634,5.758
2022-04-05,6.18,5.754,6.059
2022-04-06,6.374,5.984,6.074
2022-04-07,6.422,5.984,6.368
2022-04-08,6.521,6.24,6.307
2022-04-09,6.4544999999999995,6.2905,6.3245000000000005
2022-04-10,6.388,6.341,6.342
2022-04-11,6.724,6.232,6.706
2022-04-12,6.93,6.587,6.689
2022-04-13,7.078,6.639,7.032
2022-04-14,7.332,6.939,7.304
2022-04-15,7.402666666666667,7.084,7.371333333333333
2022-04-16,7.473333333333333,7.229,7.438666666666667
2022-04-17,7.544,7.374,7.506
2022-04-18,8.054,7.458,7.796
2022-04-19,7.827,6.948,7.194
2022-04-20,7.4,6.785,6.87
2022-04-21,7.14,6.699,6.933
2022-04-22,7.074,6.436,6.456
2022-04-23,6.747999999999999,6.390499999999999,6.434
2022-04-24,6.422,6.345,6.412
2022-04-25,6.963,6.358,6.872
2022-04-26,7.027,6.654,6.829
2022-04-27,7.368,6.824,7.185
2022-04-28,7.274,6.749,6.794
2022-04-29,7.199,6.68,7.12
2022-04-30,7.2825,6.9735,7.2275
2022-05-01,7.366,7.267,7.335
2022-05-02,7.494,7.1,7.468
2022-05-03,8.04,7.456,7.744
2022-05-04,8.344,7.613,8.256
2022-05-05,8.784,8.0,8.748
2022-05-06,8.87,7.85,7.856
2022-05-07,8.4895,7.773,7.944
2022-05-08,8.109,7.696,8.032
2022-05-09,8.188,6.884,7.014
2022-05-10,7.382,6.361,7.284
2022-05-11,7.638,7.242,7.559
2022-05-12,7.714,7.187,7.638
2022-05-13,7.846,7.448,7.554
2022-05-14,7.83,7.5595,7.6690000000000005
2022-05-15,7.814,7.671,7.784
2022-05-16,8.123,7.616,8.053
2022-05-17,8.338,7.97,8.296
2022-05-18,8.498,8.02,8.092
2022-05-19,8.458,7.868,8.086
2022-05-20,8.154,7.81,8.032
2022-05-21,8.125499999999999,7.907,8.041
2022-05-22,8.097,8.004,8.05
2022-05-23,8.798,7.834,8.738
2022-05-24,8.906,8.584,8.822
2022-05-25,9.324,8.697,8.932
2022-05-26,9.33,8.534,8.732
2022-05-27,8.797,8.199,8.624
2022-05-28,8.7945,8.406500000000001,8.676
2022-05-29,8.792,8.614,8.728
2022-05-30,8.829,8.502,8.602
2022-05-31,8.688,8.045,8.186
2022-06-01,8.712,8.073,8.678
2022-06-02,8.974,8.311,8.386
2022-06-03,8.62,8.197,8.465
2022-06-04,8.7035,8.437999999999999,8.622
2022-06-05,8.787,8.679,8.779
2022-06-06,9.328,8.716,9.3
2022-06-07,9.474,9.135,9.32
2022-06-08,9.6,8.07,8.109
2022-06-09,9.054,7.966,9.002
2022-06-10,9.09,8.569,8.708
2022-06-11,8.9825,8.5785,8.655000000000001
2022-06-12,8.875,8.588,8.602
2022-06-13,8.876,8.346,8.648
2022-06-14,8.845,6.975,7.22
2022-06-15,7.662,7.194,7.536
2022-06-16,7.992,7.305,7.412
2022-06-17,7.552,6.857,6.987
2022-06-18,7.163,6.746,6.8345
2022-06-19,6.774,6.635,6.682
2022-06-20,6.821,6.614,6.694
2022-06-21,6.959,6.538,6.812
2022-06-22,6.914,6.562,6.696
2022-06-23,6.824,6.166,6.202
2022-06-24,6.325,6.016,6.183
2022-06-25,6.2605,6.008,6.1625
2022-06-26,6.196,6.0,6.142
2022-06-27,6.526,6.027,6.394
2022-06-28,6.668,6.37,6.608
2022-06-29,6.761,6.342,6.386
2022-06-30,6.537,5.31,5.606
2022-07-01,5.891,5.564,5.569
2022-07-02,5.7905,5.5965,5.6145
2022-07-03,5.69,5.629,5.66
2022-07-04,5.856,5.554,5.805
2022-07-05,5.816,5.286,5.603
2022-07-06,5.69,5.34,5.49
2022-07-07,6.334,5.446,6.158
2022-07-08,6.259,5.974,6.017
2022-07-09,6.3165,6.129,6.1675
2022-07-10,6.374,6.284,6.318
2022-07-11,6.648,6.196,6.496
2022-07-12,6.746,5.982,6.211
2022-07-13,6.763,6.196,6.574
2022-07-14,6.863,6.506,6.702
2022-07-15,7.106,6.393,7.1
2022-07-16,7.1594999999999995,6.7435,7.119999999999999
2022-07-17,7.213,7.094,7.14
2022-07-18,7.526,7.056,7.396
2022-07-19,7.516,7.094,7.282
2022-07-20,8.018,7.154,7.886
2022-07-21,8.154,7.593,7.844
2022-07-22,8.4,7.738,8.291
2022-07-23,8.4595,8.0495,8.3865
2022-07-24,8.519,8.361,8.482
2022-07-25,8.85,8.34,8.766
2022-07-26,9.572,8.712,8.936
2022-07-27,9.13,8.482,8.783
2022-07-28,8.981,8.231,8.35
2022-07-29,8.504,8.136,8.415
2022-07-30,8.288499999999999,8.024999999999999,8.2265
2022-07-31,8.073,7.914,8.038
2022-08-01,8.411,7.869,8.288
2022-08-02,8.32,7.728,7.772
2022-08-03,8.586,7.656,8.348
2022-08-04,8.554,7.927,8.23
2022-08-05,8.34,7.998,8.092
2022-08-06,8.163,7.947,8.023
2022-08-07,7.986,7.896,7.954
2022-08-08,8.001,7.624,7.71
2022-08-09,7.964,7.7,7.932
2022-08-10,8.34,7.78,8.28
2022-08-11,9.068,8.256,8.766
2022-08-12,8.994,8.59,8.852
2022-08-13,8.902999999999999,8.649000000000001,8.794
2022-08-14,8.812,8.708,8.736
2022-08-15,8.993,8.462,8.9
2022-08-16,9.468,8.869,9.424
2022-08-17,9.724,9.181,9.231
2022-08-18,9.706,8.975,9.278
2022-08-19,9.437,8.92,9.326
2022-08-20,9.364999999999998,9.058499999999999,9.284
2022-08-21,9.293,9.197,9.242
2022-08-22,10.015,9.214,9.878
2022-08-23,10.039,9.077,9.268
2022-08-24,9.476,9.125,9.276
2022-08-25,9.457,9.212,9.422
2022-08-26,9.704,9.224,9.372
2022-08-27,9.698,9.389,9.469999999999999
2022-08-28,9.692,9.554,9.568
2022-08-29,9.609,9.04,9.334
2022-08-30,9.355,8.93,9.156
2022-08-31,9.337,8.866,9.234
2022-09-01,9.437,9.061,9.23
2022-09-02,9.289,8.665,8.942
2022-09-03,9.2275,8.8255,8.982
2022-09-04,9.166,8.986,9.022
2022-09-05,9.04,8.734,8.754
2022-09-06,8.872,7.864,8.076
2022-09-07,8.327,7.788,7.914
2022-09-08,8.093,7.805,7.986
2022-09-09,8.236,7.926,8.07
2022-09-10,8.2045,7.992,8.1065
2022-09-11,8.173,8.058,8.143
2022-09-12,8.476,7.886,8.445
2022-09-13,8.474,8.183,8.41
2022-09-14,9.252,8.351,9.13
2022-09-15,9.142,8.224,8.28
2022-09-16,8.339,7.738,7.83
2022-09-17,8.031500000000001,7.638,7.734500000000001
2022-09-18,7.724,7.538,7.639
2022-09-19,7.936,7.422,7.908
2022-09-20,7.996,7.662,7.764
2022-09-21,8.134,7.582,7.75
2022-09-22,7.786,7.07,7.22
2022-09-23,7.289,6.746,6.854
2022-09-24,7.08,6.767,6.859
2022-09-25,6.871,6.788,6.864
2022-09-26,6.962,6.527,6.945
2022-09-27,7.118,6.63,6.751
2022-09-28,6.929,6.458,6.864
2022-09-29,7.024,6.502,6.76
2022-09-30,6.936,6.606,6.72
2022-10-01,6.834,6.622,6.686
2022-10-02,6.732,6.638,6.652
2022-10-03,6.652,6.222,6.422
2022-10-04,6.794,6.238,6.729
2022-10-05,6.936,6.546,6.88
2022-10-06,7.102,6.744,6.778
2022-10-07,6.848,6.532,6.534
2022-10-08,6.7405,6.5385,6.5809999999999995
2022-10-09,6.633,6.545,6.628
2022-10-10,6.835,6.351,6.507
2022-10-11,6.61,6.307,6.548
2022-10-12,6.744,6.348,6.374
2022-10-13,6.723,6.289,6.655
2022-10-14,6.688,6.365,6.426
2022-10-15,6.468999999999999,6.2745,6.335
2022-10-16,6.25,6.184,6.244
2022-10-17,6.276,5.879,5.929
2022-10-18,6.062,5.645,5.717
2022-10-19,5.756,5.404,5.459
2022-10-20,5.542,5.232,5.322
2022-10-21,5.354,4.889,4.986
2022-10-22,5.177,4.8895,4.9405
2022-10-23,5.0,4.89,4.895
2022-10-24,5.248,4.741,5.186
2022-10-25,5.645,5.143,5.613
2022-10-26,5.638,5.252,5.556
2022-10-27,5.594,5.164,5.308
2022-10-28,5.328,5.032,5.258
2022-10-29,5.426500000000001,5.1739999999999995,5.3870000000000005
2022-10-30,5.525,5.316,5.516
2022-10-31,5.854,5.475,5.748
2022-11-01,5.764,5.158,5.37
2022-11-02,5.808,5.324,5.725
2022-11-03,5.726,5.434,5.484
2022-11-04,6.036,5.455,5.996
2022-11-05,6.303,5.9465,6.254
2022-11-06,6.57,6.438,6.512
2022-11-07,6.756,6.154,6.316
2022-11-08,6.389,5.692,5.906
2022-11-09,5.958,5.382,5.6
2022-11-10,5.916,5.44,5.815
2022-11-11,6.158,5.475,5.598
2022-11-12,6.03,5.5945,5.697
2022-11-13,5.902,5.714,5.796
2022-11-14,6.131,5.638,5.81
2022-11-15,5.945,5.604,5.876
2022-11-16,6.09,5.578,6.084
2022-11-17,6.298,5.966,6.131
2022-11-18,6.237,5.867,6.202
2022-11-19,6.2165,5.9875,6.156000000000001
2022-11-20,6.196,6.108,6.11
2022-11-21,6.689,6.037,6.518
2022-11-22,7.0,6.355,6.943
2022-11-23,7.548,6.93,7.098
2022-11-24,7.224,6.948,7.034
2022-11-25,7.194,6.684,6.709
2022-11-26,7.0355,6.731,6.7575
2022-11-27,6.877,6.778,6.806
2022-11-28,6.902,6.47,6.833
2022-11-29,6.944,6.642,6.738
2022-11-30,6.85,6.389,6.589
2022-12-01,6.78,6.312,6.377
2022-12-02,6.379,5.866,5.875
2022-12-03,5.996499999999999,5.675,5.732
2022-12-04,5.614,5.484,5.589
2022-12-05,5.738,5.278,5.34
2022-12-06,5.391,5.086,5.19
2022-12-07,5.62,5.15,5.591
2022-12-08,5.889,5.509,5.626
2022-12-09,6.118,5.545,6.042
2022-12-10,6.431,6.0485,6.313
2022-12-11,6.744,6.552,6.584
2022-12-12,6.798,6.256,6.384
2022-12-13,6.864,6.346,6.598
2022-12-14,6.638,6.14,6.31
2022-12-15,6.83,6.171,6.539
2022-12-16,6.558,6.083,6.43
2022-12-17,6.356,6.0595,6.291499999999999
2022-12-18,6.154,6.036,6.153
2022-12-19,6.199,5.741,5.867
2022-12-20,5.873,5.262,5.528
2022-12-21,5.564,5.268,5.564
2022-12-22,5.614,4.999,5.17
2022-12-23,5.224,4.862,5.102
2022-12-24,5.243,4.946,5.152
2022-12-25,5.262,5.03,5.202
2022-12-26,5.281,5.114,5.252
2022-12-27,5.268,5.038,5.078
2022-12-28,5.094,4.527,4.804
2022-12-29,4.85,4.484,4.633
2022-12-30,4.675,4.438,4.495
2022-12-31,4.531,4.329666666666666,4.400666666666667
2023-01-01,4.3870000000000005,4.221333333333334,4.306333333333333
2023-01-02,4.243,4.113,4.212
2023-01-03,4.212,3.94,4.043
2023-01-04,4.265,3.948,4.154
2023-01-05,4.19,3.694,3.806
2023-01-06,3.878,3.564,3.814
2023-01-07,3.864,3.683,3.822
2023-01-08,3.85,3.802,3.83
2023-01-09,4.084,3.795,3.854
2023-01-10,3.882,3.576,3.604
2023-01-11,3.745,3.437,3.671
2023-01-12,3.888,3.618,3.663
2023-01-13,3.701,3.458,3.521
2023-01-14,3.6455,3.503,3.5445
2023-01-15,3.59,3.548,3.568
2023-01-16,3.673,3.551,3.624
2023-01-17,3.722,3.502,3.585
2023-01-18,3.599,3.332,3.384
2023-01-19,3.448,3.296,3.33
2023-01-20,3.429,3.209,3.252
2023-01-21,3.4245,3.25,3.2954999999999997
2023-01-22,3.42,3.291,3.339
2023-01-23,3.465,3.198,3.453
2023-01-24,3.52,3.24,3.265
2023-01-25,3.266,3.043,3.066
2023-01-26,3.069,2.851,3.017
2023-01-27,3.082,2.918,3.028
2023-01-28,2.966,2.8609999999999998,2.934
2023-01-29,2.85,2.804,2.84
2023-01-30,2.92,2.783,2.824
2023-01-31,2.89,2.748,2.877
2023-02-01,2.919,2.586,2.64
2023-02-02,2.718,2.544,2.569
2023-02-03,2.628,2.446,2.498
2023-02-04,2.5869999999999997,2.4785000000000004,2.5155000000000003
2023-02-05,2.546,2.511,2.533
2023-02-06,2.598,2.46,2.592
2023-02-07,2.708,2.514,2.669
2023-02-08,2.748,2.448,2.497
2023-02-09,2.608,2.428,2.546
2023-02-10,2.664,2.484,2.658
2023-02-11,2.668,2.545,2.641
2023-02-12,2.672,2.606,2.624
2023-02-13,2.642,2.434,2.494
2023-02-14,2.675,2.472,2.622
2023-02-15,2.644,2.504,2.532
2023-02-16,2.615,2.441,2.49
2023-02-17,2.492,2.288,2.329
2023-02-18,2.401,2.274,2.317
2023-02-19,2.31,2.26,2.305
2023-02-20,2.358,2.254,2.296
2023-02-21,2.342,2.15,2.168
2023-02-22,2.406,2.101,2.26
2023-02-23,2.472,2.222,2.447
2023-02-24,2.572,2.401,2.568
2023-02-25,2.5965,2.4795,2.5700000000000003
2023-02-26,2.621,2.558,2.572
2023-02-27,2.724,2.542,2.679
2023-02-28,2.772,2.556,2.748
2023-03-01,2.822,2.651,2.771
2023-03-02,2.848,2.698,2.774
2023-03-03,3.012,2.764,3.002
2023-03-04,2.891,2.7359999999999998,2.8564999999999996
2023-03-05,2.77,2.708,2.711
2023-03-06,2.72,2.522,2.586
2023-03-07,2.687,2.498,2.632
2023-03-08,2.681,2.516,2.597
2023-03-09,2.632,2.458,2.466
2023-03-10,2.553,2.418,2.428
2023-03-11,2.4935,2.4085,2.4219999999999997
2023-03-12,2.434,2.399,2.416
2023-03-13,2.626,2.385,2.625
2023-03-14,2.664,2.525,2.562
2023-03-15,2.588,2.38,2.494
2023-03-16,2.546,2.424,2.512
2023-03-17,2.526,2.322,2.342
2023-03-18,2.447,2.326,2.351
2023-03-19,2.368,2.33,2.36
2023-03-20,2.422,2.214,2.242
2023-03-21,2.354,2.124,2.308
2023-03-22,2.31,2.15,2.182
2023-03-23,2.258,2.134,2.146
2023-03-24,2.235,2.14,2.184
2023-03-25,2.2015000000000002,2.143,2.168
2023-03-26,2.168,2.146,2.152
2023-03-27,2.176,2.07,2.121
2023-03-28,2.144,2.034,2.057
2023-03-29,2.116,1.999,2.073
2023-03-30,2.073,1.982,2.009
2023-03-31,2.137,1.98,2.068
2023-04-01,2.1014999999999997,1.975,2.023
2023-04-02,2.066,1.97,1.978
2023-04-03,2.07,1.972,2.027
2023-04-04,2.078,1.996,2.016
2023-04-05,2.115,1.988,2.062
2023-04-06,2.102,1.923,1.959
2023-04-07,2.059333333333333,1.9326666666666668,1.9593333333333334
2023-04-08,2.0166666666666666,1.9423333333333332,1.9596666666666667
2023-04-09,1.974,1.952,1.96
2023-04-10,2.158,1.959,2.121
2023-04-11,2.183,2.07,2.16
2023-04-12,2.168,2.021,2.037
2023-04-13,2.08,1.949,1.976
2023-04-14,2.086,1.904,2.062
2023-04-15,2.118,2.0135,2.1025
2023-04-16,2.15,2.123,2.143
2023-04-17,2.274,2.111,2.256
2023-04-18,2.35,2.196,2.338
2023-04-19,2.35,2.146,2.17
2023-04-20,2.244,2.118,2.17
2023-04-21,2.25,2.144,2.19
2023-04-22,2.233,2.17,2.202
2023-04-23,2.216,2.196,2.214
2023-04-24,2.282,2.17,2.259
2023-04-25,2.265,2.18,2.202
2023-04-26,2.224,2.1,2.133
2023-04-27,2.198,2.1,2.179
2023-04-28,2.374,2.119,2.226
2023-04-29,2.3055000000000003,2.1685,2.222
2023-04-30,2.237,2.218,2.218
2023-05-01,2.25,2.14,2.156
2023-05-02,2.194,2.049,2.078
2023-05-03,2.1,1.975,2.018
2023-05-04,2.058,1.96,1.966
2023-05-05,2.044,1.915,1.996
2023-05-06,2.057,1.9725,2.032
2023-05-07,2.07,2.03,2.068
2023-05-08,2.142,2.067,2.122
2023-05-09,2.188,2.08,2.152
2023-05-10,2.152,2.063,2.082
2023-05-11,2.156,2.073,2.09
2023-05-12,2.24,2.058,2.186
2023-05-13,2.216,2.115,2.186
2023-05-14,2.192,2.172,2.186
2023-05-15,2.304,2.172,2.282
2023-05-16,2.39,2.268,2.274
2023-05-17,2.362,2.256,2.295
2023-05-18,2.562,2.288,2.532
2023-05-19,2.619,2.494,2.529
2023-05-20,2.5685000000000002,2.489,2.5065
2023-05-21,2.518,2.484,2.484
2023-05-22,2.517,2.328,2.352
2023-05-23,2.367,2.29,2.308
2023-05-24,2.402,2.302,2.392
2023-05-25,2.397,2.249,2.266
2023-05-26,2.296,2.21,2.244
2023-05-27,2.2855,2.23,2.257
2023-05-28,2.275,2.25,2.27
2023-05-29,2.285,2.184,2.194
2023-05-30,2.22,2.115,2.158
2023-05-31,2.258,2.112,2.118
2023-06-01,2.144,2.01,2.036
2023-06-02,2.104,2.016,2.053
2023-06-03,2.101,2.044,2.0715
2023-06-04,2.098,2.072,2.09
2023-06-05,2.199,2.082,2.156
2023-06-06,2.176,2.068,2.154
2023-06-07,2.235,2.144,2.22
2023-06-08,2.272,2.178,2.214
2023-06-09,2.238,2.156,2.166
2023-06-10,2.2245,2.1785,2.185
2023-06-11,2.211,2.201,2.204
2023-06-12,2.208,2.128,2.199
2023-06-13,2.29,2.201,2.246
2023-06-14,2.313,2.22,2.259
2023-06-15,2.49,2.246,2.478
2023-06-16,2.581,2.454,2.548
2023-06-17,2.5745,2.497,2.5469999999999997
2023-06-18,2.568,2.54,2.546
2023-06-19,2.626,2.514,2.59
2023-06-20,2.646,2.434,2.444
2023-06-21,2.553,2.404,2.544
2023-06-22,2.592,2.49,2.578
2023-06-23,2.72,2.491,2.705
2023-06-24,2.7510000000000003,2.6235,2.7430000000000003
2023-06-25,2.782,2.756,2.781
2023-06-26,2.812,2.709,2.755
2023-06-27,2.775,2.647,2.694
2023-06-28,2.764,2.544,2.56
2023-06-29,2.64,2.518,2.578
2023-06-30,2.724,2.538,2.676
2023-07-01,2.6820000000000004,2.577,2.648
2023-07-02,2.64,2.616,2.62
2023-07-03,2.655,2.583,2.603
2023-07-04,2.672,2.578,2.666
2023-07-05,2.707,2.57,2.576
2023-07-06,2.61,2.514,2.552
2023-07-07,2.6,2.47,2.494
2023-07-08,2.5805,2.49,2.527
2023-07-09,2.561,2.51,2.56
2023-07-10,2.628,2.556,2.593
2023-07-11,2.688,2.584,2.654
2023-07-12,2.69,2.565,2.588
2023-07-13,2.614,2.492,2.502
2023-07-14,2.558,2.448,2.502
2023-07-15,2.5389999999999997,2.4749999999999996,2.5069999999999997
2023-07-16,2.52,2.502,2.512
2023-07-17,2.543,2.451,2.5
2023-07-18,2.608,2.5,2.588
2023-07-19,2.616,2.547,2.582
2023-07-20,2.733,2.578,2.702
2023-07-21,2.734,2.662,2.694
2023-07-22,2.7199999999999998,2.6639999999999997,2.6814999999999998
2023-07-23,2.706,2.666,2.669
2023-07-24,2.739,2.64,2.688
2023-07-25,2.748,2.652,2.708
2023-07-26,2.736,2.63,2.658
2023-07-27,2.672,2.534,2.58
2023-07-28,2.664,2.546,2.624
2023-07-29,2.6550000000000002,2.5869999999999997,2.6305
2023-07-30,2.646,2.628,2.637
2023-07-31,2.675,2.59,2.63
2023-08-01,2.657,2.516,2.552
2023-08-02,2.564,2.444,2.464
2023-08-03,2.57,2.461,2.546
2023-08-04,2.604,2.515,2.566
2023-08-05,2.596,2.5365,2.573
2023-08-06,2.588,2.558,2.58
2023-08-07,2.742,2.571,2.73
2023-08-08,2.788,2.68,2.778
2023-08-09,3.004,2.759,2.948
2023-08-10,2.984,2.736,2.77
2023-08-11,2.82,2.692,2.774
2023-08-12,2.808,2.732,2.7795
2023-08-13,2.796,2.772,2.785
2023-08-14,2.816,2.74,2.808
2023-08-15,2.852,2.638,2.646
2023-08-16,2.664,2.562,2.592
2023-08-17,2.66,2.568,2.625
2023-08-18,2.642,2.538,2.584
2023-08-19,2.6275,2.553,2.596
2023-08-20,2.613,2.568,2.608
2023-08-21,2.674,2.594,2.602
2023-08-22,2.62,2.52,2.536
2023-08-23,2.562,2.466,2.468
2023-08-24,2.572,2.428,2.523
2023-08-25,2.575,2.485,2.568
2023-08-26,2.6185,2.5605,2.6109999999999998
2023-08-27,2.662,2.636,2.654
2023-08-28,2.728,2.56,2.59
2023-08-29,2.605,2.532,2.585
2023-08-30,2.718,2.558,2.706
2023-08-31,2.772,2.628,2.666
2023-09-01,2.77,2.65,2.672
2023-09-02,2.6965000000000003,2.614,2.6340000000000003
2023-09-03,2.623,2.578,2.596
2023-09-04,2.634,2.57,2.576
2023-09-05,2.594,2.5,2.512
2023-09-06,2.548,2.44,2.451
2023-09-07,2.55,2.442,2.522
2023-09-08,2.598,2.512,2.558
2023-09-09,2.5774999999999997,2.518,2.542
2023-09-10,2.557,2.524,2.526
2023-09-11,2.588,2.492,2.57
2023-09-12,2.728,2.558,2.686
2023-09-13,2.731,2.619,2.666
2023-09-14,2.743,2.646,2.649
2023-09-15,2.668,2.61,2.612
2023-09-16,2.646,2.599,2.616
2023-09-17,2.624,2.588,2.62
2023-09-18,2.704,2.587,2.688
2023-09-19,2.767,2.676,2.678
2023-09-20,2.696,2.621,2.642
2023-09-21,2.682,2.566,2.578
2023-09-22,2.644,2.578,2.625
2023-09-23,2.6500000000000004,2.606,2.6365
2023-09-24,2.656,2.634,2.648
2023-09-25,2.688,2.62,2.658
2023-09-26,2.658,2.566,2.624
2023-09-27,2.712,2.624,2.669
2023-09-28,2.752,2.648,2.726
2023-09-29,2.77,2.642,2.714
2023-09-30,2.7584999999999997,2.674,2.714
2023-10-01,2.747,2.706,2.714
2023-10-02,2.747,2.65,2.654
2023-10-03,2.778,2.638,2.759
2023-10-04,2.866,2.75,2.804
2023-10-05,3.016,2.789,2.997
2023-10-06,3.175,2.983,3.146
2023-10-07,3.1935000000000002,3.0695,3.154
2023-10-08,3.212,3.156,3.162
2023-10-09,3.299,3.161,3.216
2023-10-10,3.289,3.179,3.263
2023-10-11,3.302,3.086,3.246
2023-10-12,3.287,3.165,3.206
2023-10-13,3.208,3.084,3.086
2023-10-14,3.143,3.064,3.066
2023-10-15,3.078,3.044,3.046
2023-10-16,3.086,2.961,3.028
2023-10-17,3.049,2.942,3.009
2023-10-18,3.087,2.998,3.049
2023-10-19,3.054,2.898,2.907
2023-10-20,2.92,2.852,2.864
2023-10-21,2.901,2.8585000000000003,2.865
2023-10-22,2.882,2.865,2.866
2023-10-23,2.922,2.849,2.908
2023-10-24,2.981,2.892,2.972
2023-10-25,3.042,2.957,3.032
2023-10-26,3.174,3.01,3.146
2023-10-27,3.272,3.09,3.093
2023-10-28,3.175,3.064,3.0700000000000003
2023-10-29,3.078,3.038,3.047
2023-10-30,3.067,3.014,3.02
2023-10-31,3.306,3.015,3.273
2023-11-01,3.289,3.133,3.192
2023-11-02,3.224,3.117,3.214
2023-11-03,3.282,3.18,3.196
2023-11-04,3.2184999999999997,3.1550000000000002,3.1745
2023-11-05,3.155,3.13,3.153
2023-11-06,3.169,3.054,3.084
2023-11-07,3.088,2.976,3.028
2023-11-08,3.028,2.89,2.943
2023-11-09,2.966,2.86,2.878
2023-11-10,2.904,2.846,2.85
2023-11-11,2.918,2.872,2.887
2023-11-12,2.932,2.898,2.924
2023-11-13,3.03,2.921,3.024
2023-11-14,3.042,2.902,2.92
2023-11-15,3.038,2.881,2.931
2023-11-16,3.011,2.822,2.878
2023-11-17,2.902,2.724,2.776
2023-11-18,2.851,2.736,2.7809999999999997
2023-11-19,2.8,2.748,2.786
2023-11-20,2.796,2.719,2.738
2023-11-21,2.766,2.682,2.694
2023-11-22,2.751,2.667,2.728
2023-11-23,2.794,2.714,2.788
2023-11-24,2.798,2.656,2.716
2023-11-25,2.746,2.661,2.6950000000000003
2023-11-26,2.694,2.666,2.674
2023-11-27,2.724,2.618,2.714
2023-11-28,2.74,2.556,2.568
2023-11-29,2.638,2.536,2.572
2023-11-30,2.632,2.548,2.596
2023-12-01,2.628,2.546,2.57
2023-12-02,2.5860000000000003,2.532,2.5525
2023-12-03,2.544,2.518,2.535
2023-12-04,2.566,2.472,2.52
2023-12-05,2.606,2.503,2.524
2023-12-06,2.588,2.387,2.411
2023-12-07,2.463,2.344,2.418
2023-12-08,2.463,2.398,2.41
2023-12-09,2.4615,2.3625,2.3775000000000004
2023-12-10,2.46,2.327,2.345
2023-12-11,2.348,2.186,2.314
2023-12-12,2.35,2.174,2.182
2023-12-13,2.286,2.142,2.238
2023-12-14,2.328,2.229,2.322
2023-12-15,2.411,2.274,2.347
2023-12-16,2.4050000000000002,2.3200000000000003,2.3625
2023-12-17,2.399,2.366,2.378
2023-12-18,2.457,2.361,2.369
2023-12-19,2.389,2.242,2.378
2023-12-20,2.4,2.272,2.278
2023-12-21,2.442,2.269,2.414
2023-12-22,2.453,2.364,2.431
2023-12-23,2.4346666666666668,2.3626666666666667,2.4090000000000003
2023-12-24,2.416333333333333,2.361333333333333,2.387
2023-12-25,2.398,2.36,2.365
2023-12-26,2.413,2.316,2.401
2023-12-27,2.527,2.39,2.416
2023-12-28,2.534,2.374,2.501
2023-12-29,2.519,2.452,2.46
2023-12-30,2.56,2.5006666666666666,2.518666666666667
2023-12-31,2.601,2.5493333333333332,2.5773333333333333
2024-01-01,2.642,2.598,2.636
2024-01-02,2.636,2.49,2.544
2024-01-03,2.683,2.505,2.653
2024-01-04,2.827,2.654,2.767
2024-01-05,2.87,2.65,2.87
2024-01-06,2.8970000000000002,2.746,2.8565
2024-01-07,2.924,2.842,2.843
2024-01-08,2.978,2.666,2.874
2024-01-09,3.356,2.855,3.127
2024-01-10,3.194,2.938,2.948
2024-01-11,3.054,2.882,2.97
2024-01-12,3.046,2.93,3.006
2024-01-13,2.9725,2.865,2.939
2024-01-14,2.899,2.8,2.872
2024-01-15,2.899,2.81,2.826
2024-01-16,2.857,2.742,2.776
2024-01-17,2.851,2.728,2.8
2024-01-18,2.821,2.672,2.716
2024-01-19,2.722,2.522,2.522
2024-01-20,2.572,2.445,2.4539999999999997
2024-01-21,2.422,2.368,2.386
2024-01-22,2.424,2.363,2.382
2024-01-23,2.458,2.316,2.447
2024-01-24,2.542,2.436,2.53
2024-01-25,2.584,2.388,2.433
2024-01-26,2.466,2.31,2.402
2024-01-27,2.4195,2.323,2.3760000000000003
2024-01-28,2.373,2.336,2.35
2024-01-29,2.358,2.238,2.256
2024-01-30,2.308,2.233,2.267
2024-01-31,2.344,2.218,2.317
2024-02-01,2.352,2.204,2.229
2024-02-02,2.268,2.184,2.256
2024-02-03,2.274,2.218,2.2554999999999996
2024-02-04,2.28,2.252,2.255
2024-02-05,2.256,2.186,2.202
2024-02-06,2.243,2.129,2.145
2024-02-07,2.17,2.081,2.093
2024-02-08,2.114,1.979,1.99
2024-02-09,1.993,1.922,1.966
2024-02-10,1.9460000000000002,1.899,1.9275
2024-02-11,1.899,1.876,1.889
2024-02-12,1.951,1.814,1.84
2024-02-13,1.866,1.728,1.75
2024-02-14,1.756,1.659,1.678
2024-02-15,1.733,1.634,1.65
2024-02-16,1.694,1.63,1.657
2024-02-17,1.65,1.6115,1.6285
2024-02-18,1.606,1.593,1.6
2024-02-19,1.624,1.582,1.602
2024-02-20,1.752,1.592,1.726
2024-02-21,1.826,1.714,1.802
2024-02-22,1.812,1.706,1.759
2024-02-23,1.758,1.64,1.641
2024-02-24,1.751,1.672,1.683
2024-02-25,1.744,1.704,1.725
2024-02-26,1.789,1.676,1.7
2024-02-27,1.795,1.671,1.764
2024-02-28,1.862,1.742,1.822
2024-02-29,1.876,1.79,1.811
2024-03-01,1.848,1.775,1.798
2024-03-02,1.863,1.811,1.828
2024-03-03,1.878,1.847,1.858
2024-03-04,1.952,1.842,1.889
2024-03-05,1.973,1.857,1.908
2024-03-06,1.95,1.889,1.894
2024-03-07,1.923,1.754,1.768
2024-03-08,1.809,1.73,1.782
2024-03-09,1.8115,1.762,1.7965
2024-03-10,1.814,1.794,1.811
2024-03-11,1.817,1.72,1.722
2024-03-12,1.799,1.672,1.687
2024-03-13,1.697,1.633,1.642
2024-03-14,1.748,1.625,1.739
2024-03-15,1.756,1.631,1.649
2024-03-16,1.728,1.6515,1.674
2024-03-17,1.7,1.672,1.699
2024-03-18,1.748,1.678,1.699
2024-03-19,1.757,1.69,1.74
2024-03-20,1.746,1.674,1.682
2024-03-21,1.694,1.644,1.688
2024-03-22,1.702,1.642,1.66
2024-03-23,1.692,1.653,1.6625
2024-03-24,1.682,1.664,1.665
2024-03-25,1.68,1.623,1.664
2024-03-26,1.692,1.644,1.654
2024-03-27,1.657,1.582,1.596
2024-03-28,1.662,1.57,1.632
2024-03-29,1.656,1.5826666666666667,1.628
2024-03-30,1.65,1.5953333333333335,1.624
2024-03-31,1.644,1.608,1.62
2024-04-01,1.741,1.604,1.722
2024-04-02,1.772,1.675,1.746
2024-04-03,1.798,1.735,1.746
2024-04-04,1.752,1.666,1.667
2024-04-05,1.73,1.664,1.694
2024-04-06,1.71,1.669,1.6844999999999999
2024-04-07,1.69,1.674,1.675
2024-04-08,1.783,1.667,1.778
2024-04-09,1.842,1.766,1.813
2024-04-10,1.866,1.782,1.788
2024-04-11,1.821,1.688,1.698
2024-04-12,1.722,1.671,1.714
2024-04-13,1.7295,1.6935,1.716
2024-04-14,1.737,1.716,1.718
2024-04-15,1.73,1.633,1.641
2024-04-16,1.757,1.608,1.642
2024-04-17,1.685,1.622,1.68
2024-04-18,1.744,1.679,1.722
2024-04-19,1.769,1.703,1.736
2024-04-20,1.7635,1.7185000000000001,1.742
2024-04-21,1.758,1.734,1.748
2024-04-22,1.832,1.728,1.825
2024-04-23,1.893,1.784,1.884
2024-04-24,1.886,1.742,1.749
2024-04-25,1.775,1.715,1.77
2024-04-26,1.785,1.707,1.716
2024-04-27,1.7705,1.7205,1.736
2024-04-28,1.756,1.734,1.756
2024-04-29,1.858,1.731,1.848
2024-04-30,1.893,1.763,1.776
2024-05-01,1.79,1.739,1.764
2024-05-02,1.869,1.763,1.854
2024-05-03,1.978,1.838,1.97
2024-05-04,1.9979999999999998,1.9145,1.9809999999999999
2024-05-05,2.018,1.991,1.992
2024-05-06,2.092,1.97,2.032
2024-05-07,2.067,1.986,2.058
2024-05-08,2.116,2.019,2.034
2024-05-09,2.168,2.009,2.162
2024-05-10,2.192,2.103,2.113
2024-05-11,2.149,2.0975,2.109
2024-05-12,2.106,2.092,2.105
2024-05-13,2.256,2.104,2.238
2024-05-14,2.274,2.19,2.228
2024-05-15,2.315,2.204,2.306
2024-05-16,2.462,2.283,2.403
2024-05-17,2.546,2.39,2.532
2024-05-18,2.5629999999999997,2.465,2.54
2024-05-19,2.58,2.54,2.548
2024-05-20,2.684,2.543,2.67
2024-05-21,2.72,2.57,2.596
2024-05-22,2.783,2.543,2.714
2024-05-23,2.862,2.593,2.605
2024-05-24,2.658,2.48,2.48
2024-05-25,2.577,2.476,2.483
2024-05-26,2.496,2.472,2.486
2024-05-27,2.586,2.484,2.524
2024-05-28,2.59,2.488,2.589
2024-05-29,2.592,2.424,2.428
2024-05-30,2.453,2.346,2.352
2024-05-31,2.41,2.313,2.37
2024-06-01,2.5300000000000002,2.3875,2.4240000000000004
2024-06-02,2.65,2.462,2.478
2024-06-03,2.596,2.438,2.561
2024-06-04,2.631,2.397,2.45
2024-06-05,2.602,2.43,2.566
2024-06-06,2.692,2.549,2.662
2024-06-07,2.788,2.622,2.752
2024-06-08,2.8145,2.714,2.787
2024-06-09,2.841,2.806,2.822
2024-06-10,2.937,2.717,2.864
2024-06-11,3.008,2.848,2.952
2024-06-12,2.98,2.86,2.903
2024-06-13,2.957,2.779,2.81
2024-06-14,2.881,2.76,2.778
2024-06-15,2.8085,2.7385,2.75
2024-06-16,2.736,2.717,2.722
2024-06-17,2.754,2.678,2.711
2024-06-18,2.843,2.71,2.835
2024-06-19,2.856,2.794,2.841
2024-06-20,2.876,2.694,2.714
2024-06-21,2.747,2.659,2.712
2024-06-22,2.7205,2.6665,2.697
2024-06-23,2.694,2.674,2.682
2024-06-24,2.822,2.668,2.8
2024-06-25,2.823,2.709,2.722
2024-06-26,2.739,2.608,2.613
2024-06-27,2.67,2.565,2.594
2024-06-28,2.655,2.492,2.499
2024-06-29,2.5805,2.4835000000000003,2.4995000000000003
2024-06-30,2.506,2.475,2.5
